community,date,complaints
Arlington,2012-01-01,0
Arlington,2012-02-01,0
Arlington,2012-03-01,0
Arlington,2012-04-01,0
Arlington,2012-05-01,0
Arlington,2012-06-01,0
Arlington,2012-07-01,0
Arlington,2012-08-01,0
Arlington,2012-09-01,0
Arlington,2012-10-01,0
Arlington,2012-11-01,0
Arlington,2012-12-01,0
Arlington,2013-07-01,0
Arlington,2013-08-01,1
Arlington,2013-09-01,2
Arlington,2013-10-01,0
Arlington,2013-11-01,0
Arlington,2013-12-01,1
Arlington,2014-01-01,0
Arlington,2014-02-01,0
Arlington,2014-03-01,0
Arlington,2014-04-01,2
Arlington,2014-05-01,14
Arlington,2014-06-01,4
Arlington,2014-07-01,4
Arlington,2014-08-01,65
Arlington,2014-09-01,34
Arlington,2014-10-01,85
Arlington,2014-11-01,26
Arlington,2014-12-01,72
Arlington,2015-01-01,67
Arlington,2015-02-01,164
Arlington,2015-03-01,275
Arlington,2015-04-01,360
Arlington,2015-05-01,140
Arlington,2015-06-01,83
Arlington,2015-07-01,143
Arlington,2015-08-01,190
Arlington,2015-09-01,89
Arlington,2015-10-01,145
Arlington,2015-11-01,140
Arlington,2015-12-01,107
Arlington,2016-01-01,127
Arlington,2016-02-01,116
Arlington,2016-03-01,90
Arlington,2016-04-01,106
Arlington,2016-05-01,159
Arlington,2016-06-01,392
Arlington,2016-07-01,199
Arlington,2016-08-01,163
Arlington,2016-09-01,51
Arlington,2016-10-01,203
Arlington,2016-11-01,210
Arlington,2016-12-01,146
Arlington,2017-01-01,165
Arlington,2017-02-01,279
Arlington,2017-03-01,250
Arlington,2017-04-01,100
Arlington,2017-05-01,280
Arlington,2017-06-01,366
Arlington,2017-07-01,200
Arlington,2017-08-01,174
Arlington,2017-09-01,113
Arlington,2017-10-01,110
Arlington,2017-11-01,80
Arlington,2017-12-01,108
Arlington,2018-01-01,73
Arlington,2018-02-01,101
Arlington,2018-03-01,96
Arlington,2018-04-01,127
Arlington,2018-05-01,52
Arlington,2018-06-01,86
Arlington,2018-07-01,44
Arlington,2018-08-01,65
Arlington,2018-09-01,50
Arlington,2018-10-01,284
Arlington,2018-11-01,171
Arlington,2018-12-01,116
Arlington,2019-01-01,110
Arlington,2019-02-01,209
Arlington,2019-03-01,129
Arlington,2019-04-01,155
Arlington,2019-05-01,130
Arlington,2019-06-01,723
Arlington,2019-07-01,535
Arlington,2019-08-01,462
Arlington,2019-09-01,644
Arlington,2019-10-01,1221
Arlington,2019-11-01,1408
Arlington,2019-12-01,1498
Arlington,2020-01-01,1985
Arlington,2020-02-01,1279
Arlington,2020-03-01,728
Arlington,2020-04-01,169
Arlington,2020-05-01,242
Arlington,2020-06-01,521
Arlington,2020-07-01,522
Arlington,2020-08-01,399
Arlington,2020-09-01,555
Arlington,2020-10-01,854
Arlington,2020-11-01,809
Arlington,2020-12-01,541
Arlington,2021-01-01,986
Arlington,2021-02-01,771
Arlington,2021-03-01,647
Arlington,2021-04-01,696
Arlington,2021-05-01,571
Arlington,2021-06-01,384
Arlington,2021-07-01,608
Arlington,2021-08-01,285
Arlington,2021-09-01,639
Arlington,2021-10-01,260
Arlington,2021-11-01,1673
Arlington,2021-12-01,1320
Arlington,2022-01-01,1020
Arlington,2022-02-01,769
Arlington,2022-03-01,1455
Arlington,2022-04-01,1968
Arlington,2022-05-01,567
Arlington,2022-06-01,943
Arlington,2022-07-01,768
Arlington,2022-08-01,699
Arlington,2022-09-01,290
Arlington,2022-10-01,440
Arlington,2022-11-01,1132
Arlington,2022-12-01,1218
Arlington,2023-01-01,1498
Belmont,2012-01-01,0
Belmont,2012-02-01,0
Belmont,2012-03-01,0
Belmont,2012-04-01,0
Belmont,2012-05-01,0
Belmont,2012-06-01,0
Belmont,2012-07-01,0
Belmont,2012-08-01,0
Belmont,2012-09-01,0
Belmont,2012-10-01,0
Belmont,2012-11-01,0
Belmont,2012-12-01,0
Belmont,2013-07-01,0
Belmont,2013-08-01,2
Belmont,2013-09-01,38
Belmont,2013-10-01,231
Belmont,2013-11-01,127
Belmont,2013-12-01,199
Belmont,2014-01-01,195
Belmont,2014-02-01,258
Belmont,2014-03-01,229
Belmont,2014-04-01,195
Belmont,2014-05-01,54
Belmont,2014-06-01,93
Belmont,2014-07-01,93
Belmont,2014-08-01,334
Belmont,2014-09-01,80
Belmont,2014-10-01,14
Belmont,2014-11-01,8
Belmont,2014-12-01,93
Belmont,2015-01-01,11
Belmont,2015-02-01,6
Belmont,2015-03-01,10
Belmont,2015-04-01,214
Belmont,2015-05-01,42
Belmont,2015-06-01,23
Belmont,2015-07-01,27
Belmont,2015-08-01,127
Belmont,2015-09-01,75
Belmont,2015-10-01,75
Belmont,2015-11-01,52
Belmont,2015-12-01,43
Belmont,2016-01-01,35
Belmont,2016-02-01,18
Belmont,2016-03-01,16
Belmont,2016-04-01,28
Belmont,2016-05-01,46
Belmont,2016-06-01,112
Belmont,2016-07-01,38
Belmont,2016-08-01,38
Belmont,2016-09-01,7
Belmont,2016-10-01,57
Belmont,2016-11-01,59
Belmont,2016-12-01,84
Belmont,2017-01-01,49
Belmont,2017-02-01,59
Belmont,2017-03-01,23
Belmont,2017-04-01,24
Belmont,2017-05-01,111
Belmont,2017-06-01,517
Belmont,2017-07-01,117
Belmont,2017-08-01,89
Belmont,2017-09-01,80
Belmont,2017-10-01,26
Belmont,2017-11-01,28
Belmont,2017-12-01,24
Belmont,2018-01-01,32
Belmont,2018-02-01,66
Belmont,2018-03-01,69
Belmont,2018-04-01,99
Belmont,2018-05-01,68
Belmont,2018-06-01,53
Belmont,2018-07-01,19
Belmont,2018-08-01,51
Belmont,2018-09-01,26
Belmont,2018-10-01,70
Belmont,2018-11-01,64
Belmont,2018-12-01,66
Belmont,2019-01-01,99
Belmont,2019-02-01,73
Belmont,2019-03-01,112
Belmont,2019-04-01,135
Belmont,2019-05-01,67
Belmont,2019-06-01,160
Belmont,2019-07-01,89
Belmont,2019-08-01,101
Belmont,2019-09-01,108
Belmont,2019-10-01,58
Belmont,2019-11-01,72
Belmont,2019-12-01,58
Belmont,2020-01-01,86
Belmont,2020-02-01,96
Belmont,2020-03-01,39
Belmont,2020-04-01,30
Belmont,2020-05-01,69
Belmont,2020-06-01,55
Belmont,2020-07-01,17
Belmont,2020-08-01,20
Belmont,2020-09-01,28
Belmont,2020-10-01,46
Belmont,2020-11-01,45
Belmont,2020-12-01,22
Belmont,2021-01-01,84
Belmont,2021-02-01,94
Belmont,2021-03-01,104
Belmont,2021-04-01,109
Belmont,2021-05-01,66
Belmont,2021-06-01,20
Belmont,2021-07-01,63
Belmont,2021-08-01,57
Belmont,2021-09-01,106
Belmont,2021-10-01,68
Belmont,2021-11-01,187
Belmont,2021-12-01,128
Belmont,2022-01-01,67
Belmont,2022-02-01,74
Belmont,2022-03-01,81
Belmont,2022-04-01,52
Belmont,2022-05-01,32
Belmont,2022-06-01,82
Belmont,2022-07-01,65
Belmont,2022-08-01,80
Belmont,2022-09-01,149
Belmont,2022-10-01,136
Belmont,2022-11-01,76
Belmont,2022-12-01,27
Belmont,2023-01-01,56
Boston,2012-01-01,0
Boston,2012-02-01,1
Boston,2012-03-01,3
Boston,2012-04-01,0
Boston,2012-05-01,1
Boston,2012-06-01,4
Boston,2012-07-01,5
Boston,2012-08-01,0
Boston,2012-09-01,0
Boston,2012-10-01,1
Boston,2012-11-01,10
Boston,2012-12-01,1
Boston,2013-07-01,3
Boston,2013-08-01,14
Boston,2013-09-01,4
Boston,2013-10-01,12
Boston,2013-11-01,10
Boston,2013-12-01,28
Boston,2014-01-01,2
Boston,2014-02-01,13
Boston,2014-03-01,6
Boston,2014-04-01,23
Boston,2014-05-01,38
Boston,2014-06-01,11
Boston,2014-07-01,11
Boston,2014-08-01,14
Boston,2014-09-01,16
Boston,2014-10-01,23
Boston,2014-11-01,27
Boston,2014-12-01,10
Boston,2015-01-01,27
Boston,2015-02-01,18
Boston,2015-03-01,17
Boston,2015-04-01,11
Boston,2015-05-01,9
Boston,2015-06-01,14
Boston,2015-07-01,18
Boston,2015-08-01,15
Boston,2015-09-01,10
Boston,2015-10-01,11
Boston,2015-11-01,12
Boston,2015-12-01,13
Boston,2016-01-01,9
Boston,2016-02-01,9
Boston,2016-03-01,7
Boston,2016-04-01,3
Boston,2016-05-01,1
Boston,2016-06-01,6
Boston,2016-07-01,5
Boston,2016-08-01,1
Boston,2016-09-01,4
Boston,2016-10-01,13
Boston,2016-11-01,15
Boston,2016-12-01,4
Boston,2017-01-01,14
Boston,2017-02-01,12
Boston,2017-03-01,10
Boston,2017-04-01,5
Boston,2017-05-01,19
Boston,2017-06-01,46
Boston,2017-07-01,23
Boston,2017-08-01,24
Boston,2017-09-01,20
Boston,2017-10-01,9
Boston,2017-11-01,3
Boston,2017-12-01,7
Boston,2018-01-01,8
Boston,2018-02-01,12
Boston,2018-03-01,2
Boston,2018-04-01,5
Boston,2018-05-01,2
Boston,2018-06-01,3
Boston,2018-07-01,3
Boston,2018-08-01,2
Boston,2018-09-01,3
Boston,2018-10-01,4
Boston,2018-11-01,0
Boston,2018-12-01,2
Boston,2019-01-01,180
Boston,2019-02-01,0
Boston,2019-03-01,187
Boston,2019-04-01,282
Boston,2019-05-01,295
Boston,2019-06-01,297
Boston,2019-07-01,224
Boston,2019-08-01,436
Boston,2019-09-01,41
Boston,2019-10-01,26
Boston,2019-11-01,33
Boston,2019-12-01,22
Boston,2020-01-01,17
Boston,2020-02-01,4
Boston,2020-03-01,0
Boston,2020-04-01,1
Boston,2020-05-01,5
Boston,2020-06-01,4
Boston,2020-07-01,1
Boston,2020-08-01,7
Boston,2020-09-01,0
Boston,2020-10-01,2
Boston,2020-11-01,2
Boston,2020-12-01,0
Boston,2021-01-01,1
Boston,2021-02-01,50
Boston,2021-03-01,0
Boston,2021-04-01,6
Boston,2021-05-01,12
Boston,2021-06-01,2
Boston,2021-07-01,2
Boston,2021-08-01,3
Boston,2021-09-01,142
Boston,2021-10-01,78
Boston,2021-11-01,11
Boston,2021-12-01,1
Boston,2022-01-01,7
Boston,2022-02-01,0
Boston,2022-03-01,62
Boston,2022-04-01,152
Boston,2022-05-01,94
Boston,2022-06-01,53
Boston,2022-07-01,25
Boston,2022-08-01,0
Boston,2022-09-01,8
Boston,2022-10-01,12
Boston,2022-11-01,19
Boston,2022-12-01,1
Boston,2023-01-01,8
Cambridge,2012-01-01,20
Cambridge,2012-02-01,15
Cambridge,2012-03-01,10
Cambridge,2012-04-01,26
Cambridge,2012-05-01,6
Cambridge,2012-06-01,6
Cambridge,2012-07-01,3
Cambridge,2012-08-01,8
Cambridge,2012-09-01,1
Cambridge,2012-10-01,10
Cambridge,2012-11-01,12
Cambridge,2012-12-01,10
Cambridge,2013-07-01,12
Cambridge,2013-08-01,31
Cambridge,2013-09-01,34
Cambridge,2013-10-01,12
Cambridge,2013-11-01,17
Cambridge,2013-12-01,30
Cambridge,2014-01-01,17
Cambridge,2014-02-01,20
Cambridge,2014-03-01,21
Cambridge,2014-04-01,22
Cambridge,2014-05-01,29
Cambridge,2014-06-01,46
Cambridge,2014-07-01,46
Cambridge,2014-08-01,171
Cambridge,2014-09-01,51
Cambridge,2014-10-01,58
Cambridge,2014-11-01,34
Cambridge,2014-12-01,59
Cambridge,2015-01-01,24
Cambridge,2015-02-01,20
Cambridge,2015-03-01,34
Cambridge,2015-04-01,170
Cambridge,2015-05-01,266
Cambridge,2015-06-01,186
Cambridge,2015-07-01,145
Cambridge,2015-08-01,180
Cambridge,2015-09-01,98
Cambridge,2015-10-01,246
Cambridge,2015-11-01,132
Cambridge,2015-12-01,157
Cambridge,2016-01-01,151
Cambridge,2016-02-01,115
Cambridge,2016-03-01,133
Cambridge,2016-04-01,127
Cambridge,2016-05-01,181
Cambridge,2016-06-01,320
Cambridge,2016-07-01,331
Cambridge,2016-08-01,210
Cambridge,2016-09-01,46
Cambridge,2016-10-01,175
Cambridge,2016-11-01,135
Cambridge,2016-12-01,219
Cambridge,2017-01-01,197
Cambridge,2017-02-01,155
Cambridge,2017-03-01,74
Cambridge,2017-04-01,56
Cambridge,2017-05-01,201
Cambridge,2017-06-01,275
Cambridge,2017-07-01,168
Cambridge,2017-08-01,197
Cambridge,2017-09-01,186
Cambridge,2017-10-01,106
Cambridge,2017-11-01,67
Cambridge,2017-12-01,79
Cambridge,2018-01-01,61
Cambridge,2018-02-01,87
Cambridge,2018-03-01,88
Cambridge,2018-04-01,160
Cambridge,2018-05-01,56
Cambridge,2018-06-01,101
Cambridge,2018-07-01,37
Cambridge,2018-08-01,72
Cambridge,2018-09-01,45
Cambridge,2018-10-01,114
Cambridge,2018-11-01,149
Cambridge,2018-12-01,150
Cambridge,2019-01-01,134
Cambridge,2019-02-01,223
Cambridge,2019-03-01,228
Cambridge,2019-04-01,332
Cambridge,2019-05-01,133
Cambridge,2019-06-01,216
Cambridge,2019-07-01,151
Cambridge,2019-08-01,178
Cambridge,2019-09-01,72
Cambridge,2019-10-01,73
Cambridge,2019-11-01,130
Cambridge,2019-12-01,107
Cambridge,2020-01-01,57
Cambridge,2020-02-01,48
Cambridge,2020-03-01,10
Cambridge,2020-04-01,3
Cambridge,2020-05-01,12
Cambridge,2020-06-01,21
Cambridge,2020-07-01,9
Cambridge,2020-08-01,7
Cambridge,2020-09-01,10
Cambridge,2020-10-01,9
Cambridge,2020-11-01,29
Cambridge,2020-12-01,10
Cambridge,2021-01-01,48
Cambridge,2021-02-01,10
Cambridge,2021-03-01,59
Cambridge,2021-04-01,120
Cambridge,2021-05-01,67
Cambridge,2021-06-01,22
Cambridge,2021-07-01,54
Cambridge,2021-08-01,14
Cambridge,2021-09-01,50
Cambridge,2021-10-01,31
Cambridge,2021-11-01,35
Cambridge,2021-12-01,58
Cambridge,2022-01-01,9
Cambridge,2022-02-01,18
Cambridge,2022-03-01,28
Cambridge,2022-04-01,50
Cambridge,2022-05-01,16
Cambridge,2022-06-01,143
Cambridge,2022-07-01,152
Cambridge,2022-08-01,113
Cambridge,2022-09-01,220
Cambridge,2022-10-01,139
Cambridge,2022-11-01,71
Cambridge,2022-12-01,246
Cambridge,2023-01-01,451
Chelmsford,2012-01-01,0
Chelmsford,2012-02-01,0
Chelmsford,2012-03-01,0
Chelmsford,2012-04-01,0
Chelmsford,2012-05-01,0
Chelmsford,2012-06-01,0
Chelmsford,2012-07-01,0
Chelmsford,2012-08-01,0
Chelmsford,2012-09-01,0
Chelmsford,2012-10-01,0
Chelmsford,2012-11-01,0
Chelmsford,2012-12-01,0
Chelmsford,2013-07-01,0
Chelmsford,2013-08-01,0
Chelmsford,2013-09-01,0
Chelmsford,2013-10-01,0
Chelmsford,2013-11-01,0
Chelmsford,2013-12-01,0
Chelmsford,2014-01-01,0
Chelmsford,2014-02-01,0
Chelmsford,2014-03-01,0
Chelmsford,2014-04-01,0
Chelmsford,2014-05-01,0
Chelmsford,2014-06-01,0
Chelmsford,2014-07-01,0
Chelmsford,2014-08-01,0
Chelmsford,2014-09-01,0
Chelmsford,2014-10-01,0
Chelmsford,2014-11-01,0
Chelmsford,2014-12-01,0
Chelmsford,2015-01-01,0
Chelmsford,2015-02-01,0
Chelmsford,2015-03-01,0
Chelmsford,2015-04-01,0
Chelmsford,2015-05-01,0
Chelmsford,2015-06-01,0
Chelmsford,2015-07-01,0
Chelmsford,2015-08-01,0
Chelmsford,2015-09-01,0
Chelmsford,2015-10-01,0
Chelmsford,2015-11-01,0
Chelmsford,2015-12-01,0
Chelmsford,2016-01-01,0
Chelmsford,2016-02-01,0
Chelmsford,2016-03-01,0
Chelmsford,2016-04-01,0
Chelmsford,2016-05-01,0
Chelmsford,2016-06-01,0
Chelmsford,2016-07-01,0
Chelmsford,2016-08-01,0
Chelmsford,2016-09-01,0
Chelmsford,2016-10-01,0
Chelmsford,2016-11-01,1
Chelmsford,2016-12-01,0
Chelmsford,2017-01-01,0
Chelmsford,2017-02-01,0
Chelmsford,2017-03-01,0
Chelmsford,2017-04-01,0
Chelmsford,2017-05-01,0
Chelmsford,2017-06-01,1
Chelmsford,2017-07-01,0
Chelmsford,2017-08-01,0
Chelmsford,2017-09-01,0
Chelmsford,2017-10-01,0
Chelmsford,2017-11-01,0
Chelmsford,2017-12-01,0
Chelmsford,2018-01-01,0
Chelmsford,2018-02-01,0
Chelmsford,2018-03-01,0
Chelmsford,2018-04-01,0
Chelmsford,2018-05-01,0
Chelmsford,2018-06-01,0
Chelmsford,2018-07-01,0
Chelmsford,2018-08-01,0
Chelmsford,2018-09-01,0
Chelmsford,2018-10-01,189
Chelmsford,2018-11-01,231
Chelmsford,2018-12-01,81
Chelmsford,2019-01-01,56
Chelmsford,2019-02-01,49
Chelmsford,2019-03-01,595
Chelmsford,2019-04-01,227
Chelmsford,2019-05-01,205
Chelmsford,2019-06-01,84
Chelmsford,2019-07-01,112
Chelmsford,2019-08-01,242
Chelmsford,2019-09-01,157
Chelmsford,2019-10-01,46
Chelmsford,2019-11-01,80
Chelmsford,2019-12-01,78
Chelmsford,2020-01-01,90
Chelmsford,2020-02-01,53
Chelmsford,2020-03-01,117
Chelmsford,2020-04-01,2
Chelmsford,2020-05-01,3
Chelmsford,2020-06-01,8
Chelmsford,2020-07-01,0
Chelmsford,2020-08-01,26
Chelmsford,2020-09-01,68
Chelmsford,2020-10-01,13
Chelmsford,2020-11-01,41
Chelmsford,2020-12-01,16
Chelmsford,2021-01-01,36
Chelmsford,2021-02-01,5
Chelmsford,2021-03-01,62
Chelmsford,2021-04-01,76
Chelmsford,2021-05-01,73
Chelmsford,2021-06-01,125
Chelmsford,2021-07-01,51
Chelmsford,2021-08-01,50
Chelmsford,2021-09-01,195
Chelmsford,2021-10-01,169
Chelmsford,2021-11-01,210
Chelmsford,2021-12-01,86
Chelmsford,2022-01-01,22
Chelmsford,2022-02-01,3
Chelmsford,2022-03-01,56
Chelmsford,2022-04-01,38
Chelmsford,2022-05-01,17
Chelmsford,2022-06-01,71
Chelmsford,2022-07-01,3
Chelmsford,2022-08-01,76
Chelmsford,2022-09-01,251
Chelmsford,2022-10-01,242
Chelmsford,2022-11-01,138
Chelmsford,2022-12-01,175
Chelmsford,2023-01-01,215
Chelsea,2012-01-01,0
Chelsea,2012-02-01,0
Chelsea,2012-03-01,0
Chelsea,2012-04-01,0
Chelsea,2012-05-01,0
Chelsea,2012-06-01,0
Chelsea,2012-07-01,0
Chelsea,2012-08-01,0
Chelsea,2012-09-01,0
Chelsea,2012-10-01,0
Chelsea,2012-11-01,0
Chelsea,2012-12-01,0
Chelsea,2013-07-01,0
Chelsea,2013-08-01,3
Chelsea,2013-09-01,2
Chelsea,2013-10-01,1
Chelsea,2013-11-01,0
Chelsea,2013-12-01,0
Chelsea,2014-01-01,1
Chelsea,2014-02-01,0
Chelsea,2014-03-01,0
Chelsea,2014-04-01,0
Chelsea,2014-05-01,1
Chelsea,2014-06-01,18
Chelsea,2014-07-01,18
Chelsea,2014-08-01,28
Chelsea,2014-09-01,2
Chelsea,2014-10-01,5
Chelsea,2014-11-01,1
Chelsea,2014-12-01,3
Chelsea,2015-01-01,1
Chelsea,2015-02-01,0
Chelsea,2015-03-01,2
Chelsea,2015-04-01,6
Chelsea,2015-05-01,47
Chelsea,2015-06-01,6
Chelsea,2015-07-01,10
Chelsea,2015-08-01,15
Chelsea,2015-09-01,9
Chelsea,2015-10-01,9
Chelsea,2015-11-01,5
Chelsea,2015-12-01,6
Chelsea,2016-01-01,0
Chelsea,2016-02-01,0
Chelsea,2016-03-01,0
Chelsea,2016-04-01,0
Chelsea,2016-05-01,11
Chelsea,2016-06-01,32
Chelsea,2016-07-01,24
Chelsea,2016-08-01,12
Chelsea,2016-09-01,9
Chelsea,2016-10-01,34
Chelsea,2016-11-01,14
Chelsea,2016-12-01,8
Chelsea,2017-01-01,2
Chelsea,2017-02-01,3
Chelsea,2017-03-01,3
Chelsea,2017-04-01,8
Chelsea,2017-05-01,119
Chelsea,2017-06-01,155
Chelsea,2017-07-01,37
Chelsea,2017-08-01,30
Chelsea,2017-09-01,26
Chelsea,2017-10-01,17
Chelsea,2017-11-01,17
Chelsea,2017-12-01,12
Chelsea,2018-01-01,6
Chelsea,2018-02-01,8
Chelsea,2018-03-01,21
Chelsea,2018-04-01,54
Chelsea,2018-05-01,11
Chelsea,2018-06-01,22
Chelsea,2018-07-01,8
Chelsea,2018-08-01,13
Chelsea,2018-09-01,17
Chelsea,2018-10-01,30
Chelsea,2018-11-01,21
Chelsea,2018-12-01,26
Chelsea,2019-01-01,45
Chelsea,2019-02-01,457
Chelsea,2019-03-01,795
Chelsea,2019-04-01,709
Chelsea,2019-05-01,622
Chelsea,2019-06-01,683
Chelsea,2019-07-01,40
Chelsea,2019-08-01,40
Chelsea,2019-09-01,269
Chelsea,2019-10-01,96
Chelsea,2019-11-01,154
Chelsea,2019-12-01,623
Chelsea,2020-01-01,200
Chelsea,2020-02-01,13
Chelsea,2020-03-01,0
Chelsea,2020-04-01,0
Chelsea,2020-05-01,44
Chelsea,2020-06-01,58
Chelsea,2020-07-01,7
Chelsea,2020-08-01,39
Chelsea,2020-09-01,9
Chelsea,2020-10-01,0
Chelsea,2020-11-01,9
Chelsea,2020-12-01,2
Chelsea,2021-01-01,8
Chelsea,2021-02-01,9
Chelsea,2021-03-01,2
Chelsea,2021-04-01,41
Chelsea,2021-05-01,15
Chelsea,2021-06-01,6
Chelsea,2021-07-01,69
Chelsea,2021-08-01,3
Chelsea,2021-09-01,44
Chelsea,2021-10-01,38
Chelsea,2021-11-01,0
Chelsea,2021-12-01,0
Chelsea,2022-01-01,0
Chelsea,2022-02-01,0
Chelsea,2022-03-01,0
Chelsea,2022-04-01,6
Chelsea,2022-05-01,5
Chelsea,2022-06-01,12
Chelsea,2022-07-01,10
Chelsea,2022-08-01,16
Chelsea,2022-09-01,32
Chelsea,2022-10-01,12
Chelsea,2022-11-01,4
Chelsea,2022-12-01,6
Chelsea,2023-01-01,3
Cohasset,2012-01-01,2
Cohasset,2012-02-01,2
Cohasset,2012-03-01,3
Cohasset,2012-04-01,0
Cohasset,2012-05-01,2
Cohasset,2012-06-01,0
Cohasset,2012-07-01,0
Cohasset,2012-08-01,0
Cohasset,2012-09-01,0
Cohasset,2012-10-01,1
Cohasset,2012-11-01,5
Cohasset,2012-12-01,2
Cohasset,2013-07-01,1
Cohasset,2013-08-01,5
Cohasset,2013-09-01,11
Cohasset,2013-10-01,4
Cohasset,2013-11-01,1
Cohasset,2013-12-01,0
Cohasset,2014-01-01,5
Cohasset,2014-02-01,2
Cohasset,2014-03-01,2
Cohasset,2014-04-01,1
Cohasset,2014-05-01,0
Cohasset,2014-06-01,11
Cohasset,2014-07-01,11
Cohasset,2014-08-01,11
Cohasset,2014-09-01,3
Cohasset,2014-10-01,6
Cohasset,2014-11-01,0
Cohasset,2014-12-01,1
Cohasset,2015-01-01,2
Cohasset,2015-02-01,0
Cohasset,2015-03-01,4
Cohasset,2015-04-01,16
Cohasset,2015-05-01,8
Cohasset,2015-06-01,6
Cohasset,2015-07-01,8
Cohasset,2015-08-01,7
Cohasset,2015-09-01,12
Cohasset,2015-10-01,25
Cohasset,2015-11-01,8
Cohasset,2015-12-01,14
Cohasset,2016-01-01,5
Cohasset,2016-02-01,4
Cohasset,2016-03-01,5
Cohasset,2016-04-01,18
Cohasset,2016-05-01,22
Cohasset,2016-06-01,10
Cohasset,2016-07-01,19
Cohasset,2016-08-01,8
Cohasset,2016-09-01,4
Cohasset,2016-10-01,7
Cohasset,2016-11-01,11
Cohasset,2016-12-01,13
Cohasset,2017-01-01,11
Cohasset,2017-02-01,9
Cohasset,2017-03-01,9
Cohasset,2017-04-01,9
Cohasset,2017-05-01,25
Cohasset,2017-06-01,26
Cohasset,2017-07-01,15
Cohasset,2017-08-01,27
Cohasset,2017-09-01,27
Cohasset,2017-10-01,29
Cohasset,2017-11-01,16
Cohasset,2017-12-01,11
Cohasset,2018-01-01,12
Cohasset,2018-02-01,15
Cohasset,2018-03-01,11
Cohasset,2018-04-01,17
Cohasset,2018-05-01,21
Cohasset,2018-06-01,23
Cohasset,2018-07-01,49
Cohasset,2018-08-01,44
Cohasset,2018-09-01,107
Cohasset,2018-10-01,191
Cohasset,2018-11-01,94
Cohasset,2018-12-01,101
Cohasset,2019-01-01,70
Cohasset,2019-02-01,36
Cohasset,2019-03-01,107
Cohasset,2019-04-01,92
Cohasset,2019-05-01,89
Cohasset,2019-06-01,98
Cohasset,2019-07-01,91
Cohasset,2019-08-01,127
Cohasset,2019-09-01,75
Cohasset,2019-10-01,43
Cohasset,2019-11-01,91
Cohasset,2019-12-01,56
Cohasset,2020-01-01,53
Cohasset,2020-02-01,75
Cohasset,2020-03-01,65
Cohasset,2020-04-01,33
Cohasset,2020-05-01,29
Cohasset,2020-06-01,65
Cohasset,2020-07-01,21
Cohasset,2020-08-01,94
Cohasset,2020-09-01,15
Cohasset,2020-10-01,71
Cohasset,2020-11-01,102
Cohasset,2020-12-01,54
Cohasset,2021-01-01,49
Cohasset,2021-02-01,54
Cohasset,2021-03-01,50
Cohasset,2021-04-01,65
Cohasset,2021-05-01,66
Cohasset,2021-06-01,31
Cohasset,2021-07-01,115
Cohasset,2021-08-01,46
Cohasset,2021-09-01,59
Cohasset,2021-10-01,66
Cohasset,2021-11-01,61
Cohasset,2021-12-01,71
Cohasset,2022-01-01,63
Cohasset,2022-02-01,32
Cohasset,2022-03-01,92
Cohasset,2022-04-01,106
Cohasset,2022-05-01,38
Cohasset,2022-06-01,60
Cohasset,2022-07-01,50
Cohasset,2022-08-01,11
Cohasset,2022-09-01,45
Cohasset,2022-10-01,25
Cohasset,2022-11-01,17
Cohasset,2022-12-01,33
Cohasset,2023-01-01,36
East Boston,2012-01-01,1
East Boston,2012-02-01,1
East Boston,2012-03-01,15
East Boston,2012-04-01,23
East Boston,2012-05-01,8
East Boston,2012-06-01,20
East Boston,2012-07-01,12
East Boston,2012-08-01,8
East Boston,2012-09-01,14
East Boston,2012-10-01,10
East Boston,2012-11-01,8
East Boston,2012-12-01,3
East Boston,2013-07-01,12
East Boston,2013-08-01,15
East Boston,2013-09-01,24
East Boston,2013-10-01,27
East Boston,2013-11-01,4
East Boston,2013-12-01,7
East Boston,2014-01-01,8
East Boston,2014-02-01,5
East Boston,2014-03-01,6
East Boston,2014-04-01,8
East Boston,2014-05-01,23
East Boston,2014-06-01,43
East Boston,2014-07-01,43
East Boston,2014-08-01,97
East Boston,2014-09-01,26
East Boston,2014-10-01,67
East Boston,2014-11-01,12
East Boston,2014-12-01,15
East Boston,2015-01-01,10
East Boston,2015-02-01,1
East Boston,2015-03-01,10
East Boston,2015-04-01,27
East Boston,2015-05-01,22
East Boston,2015-06-01,25
East Boston,2015-07-01,35
East Boston,2015-08-01,28
East Boston,2015-09-01,13
East Boston,2015-10-01,16
East Boston,2015-11-01,17
East Boston,2015-12-01,31
East Boston,2016-01-01,24
East Boston,2016-02-01,15
East Boston,2016-03-01,12
East Boston,2016-04-01,4
East Boston,2016-05-01,10
East Boston,2016-06-01,39
East Boston,2016-07-01,15
East Boston,2016-08-01,17
East Boston,2016-09-01,12
East Boston,2016-10-01,31
East Boston,2016-11-01,12
East Boston,2016-12-01,15
East Boston,2017-01-01,10
East Boston,2017-02-01,6
East Boston,2017-03-01,13
East Boston,2017-04-01,24
East Boston,2017-05-01,67
East Boston,2017-06-01,60
East Boston,2017-07-01,35
East Boston,2017-08-01,31
East Boston,2017-09-01,23
East Boston,2017-10-01,22
East Boston,2017-11-01,16
East Boston,2017-12-01,6
East Boston,2018-01-01,3
East Boston,2018-02-01,12
East Boston,2018-03-01,9
East Boston,2018-04-01,12
East Boston,2018-05-01,15
East Boston,2018-06-01,18
East Boston,2018-07-01,10
East Boston,2018-08-01,31
East Boston,2018-09-01,9
East Boston,2018-10-01,17
East Boston,2018-11-01,8
East Boston,2018-12-01,3
East Boston,2019-01-01,8
East Boston,2019-02-01,5
East Boston,2019-03-01,18
East Boston,2019-04-01,18
East Boston,2019-05-01,15
East Boston,2019-06-01,29
East Boston,2019-07-01,19
East Boston,2019-08-01,25
East Boston,2019-09-01,15
East Boston,2019-10-01,14
East Boston,2019-11-01,282
East Boston,2019-12-01,430
East Boston,2020-01-01,14
East Boston,2020-02-01,16
East Boston,2020-03-01,5
East Boston,2020-04-01,1
East Boston,2020-05-01,8
East Boston,2020-06-01,9
East Boston,2020-07-01,5
East Boston,2020-08-01,5
East Boston,2020-09-01,8
East Boston,2020-10-01,5
East Boston,2020-11-01,3
East Boston,2020-12-01,0
East Boston,2021-01-01,4
East Boston,2021-02-01,1
East Boston,2021-03-01,5
East Boston,2021-04-01,10
East Boston,2021-05-01,24
East Boston,2021-06-01,8
East Boston,2021-07-01,26
East Boston,2021-08-01,9
East Boston,2021-09-01,12
East Boston,2021-10-01,17
East Boston,2021-11-01,10
East Boston,2021-12-01,7
East Boston,2022-01-01,4
East Boston,2022-02-01,1
East Boston,2022-03-01,5
East Boston,2022-04-01,53
East Boston,2022-05-01,7
East Boston,2022-06-01,33
East Boston,2022-07-01,12
East Boston,2022-08-01,16
East Boston,2022-09-01,26
East Boston,2022-10-01,22
East Boston,2022-11-01,10
East Boston,2022-12-01,1
East Boston,2023-01-01,8
Hull,2012-01-01,0
Hull,2012-02-01,0
Hull,2012-03-01,1
Hull,2012-04-01,0
Hull,2012-05-01,3
Hull,2012-06-01,3
Hull,2012-07-01,0
Hull,2012-08-01,2
Hull,2012-09-01,2
Hull,2012-10-01,3
Hull,2012-11-01,0
Hull,2012-12-01,2
Hull,2013-07-01,57
Hull,2013-08-01,215
Hull,2013-09-01,164
Hull,2013-10-01,271
Hull,2013-11-01,95
Hull,2013-12-01,67
Hull,2014-01-01,31
Hull,2014-02-01,28
Hull,2014-03-01,35
Hull,2014-04-01,39
Hull,2014-05-01,69
Hull,2014-06-01,329
Hull,2014-07-01,329
Hull,2014-08-01,633
Hull,2014-09-01,205
Hull,2014-10-01,167
Hull,2014-11-01,147
Hull,2014-12-01,50
Hull,2015-01-01,65
Hull,2015-02-01,26
Hull,2015-03-01,65
Hull,2015-04-01,59
Hull,2015-05-01,104
Hull,2015-06-01,109
Hull,2015-07-01,213
Hull,2015-08-01,190
Hull,2015-09-01,73
Hull,2015-10-01,58
Hull,2015-11-01,84
Hull,2015-12-01,103
Hull,2016-01-01,52
Hull,2016-02-01,59
Hull,2016-03-01,93
Hull,2016-04-01,53
Hull,2016-05-01,71
Hull,2016-06-01,137
Hull,2016-07-01,293
Hull,2016-08-01,195
Hull,2016-09-01,73
Hull,2016-10-01,89
Hull,2016-11-01,87
Hull,2016-12-01,68
Hull,2017-01-01,58
Hull,2017-02-01,31
Hull,2017-03-01,88
Hull,2017-04-01,135
Hull,2017-05-01,139
Hull,2017-06-01,229
Hull,2017-07-01,271
Hull,2017-08-01,210
Hull,2017-09-01,102
Hull,2017-10-01,112
Hull,2017-11-01,80
Hull,2017-12-01,46
Hull,2018-01-01,33
Hull,2018-02-01,87
Hull,2018-03-01,23
Hull,2018-04-01,94
Hull,2018-05-01,101
Hull,2018-06-01,129
Hull,2018-07-01,193
Hull,2018-08-01,50
Hull,2018-09-01,109
Hull,2018-10-01,129
Hull,2018-11-01,33
Hull,2018-12-01,44
Hull,2019-01-01,41
Hull,2019-02-01,36
Hull,2019-03-01,75
Hull,2019-04-01,73
Hull,2019-05-01,115
Hull,2019-06-01,91
Hull,2019-07-01,186
Hull,2019-08-01,186
Hull,2019-09-01,128
Hull,2019-10-01,44
Hull,2019-11-01,28
Hull,2019-12-01,45
Hull,2020-01-01,50
Hull,2020-02-01,19
Hull,2020-03-01,33
Hull,2020-04-01,8
Hull,2020-05-01,16
Hull,2020-06-01,66
Hull,2020-07-01,69
Hull,2020-08-01,61
Hull,2020-09-01,40
Hull,2020-10-01,33
Hull,2020-11-01,47
Hull,2020-12-01,29
Hull,2021-01-01,25
Hull,2021-02-01,12
Hull,2021-03-01,46
Hull,2021-04-01,37
Hull,2021-05-01,64
Hull,2021-06-01,109
Hull,2021-07-01,56
Hull,2021-08-01,173
Hull,2021-09-01,160
Hull,2021-10-01,56
Hull,2021-11-01,45
Hull,2021-12-01,82
Hull,2022-01-01,79
Hull,2022-02-01,57
Hull,2022-03-01,109
Hull,2022-04-01,57
Hull,2022-05-01,97
Hull,2022-06-01,28
Hull,2022-07-01,46
Hull,2022-08-01,42
Hull,2022-09-01,37
Hull,2022-10-01,24
Hull,2022-11-01,32
Hull,2022-12-01,42
Hull,2023-01-01,45
Hyde Park,2012-01-01,0
Hyde Park,2012-02-01,0
Hyde Park,2012-03-01,0
Hyde Park,2012-04-01,0
Hyde Park,2012-05-01,0
Hyde Park,2012-06-01,0
Hyde Park,2012-07-01,0
Hyde Park,2012-08-01,0
Hyde Park,2012-09-01,0
Hyde Park,2012-10-01,0
Hyde Park,2012-11-01,0
Hyde Park,2012-12-01,0
Hyde Park,2013-07-01,0
Hyde Park,2013-08-01,4
Hyde Park,2013-09-01,127
Hyde Park,2013-10-01,5
Hyde Park,2013-11-01,9
Hyde Park,2013-12-01,41
Hyde Park,2014-01-01,1
Hyde Park,2014-02-01,2
Hyde Park,2014-03-01,0
Hyde Park,2014-04-01,4
Hyde Park,2014-05-01,5
Hyde Park,2014-06-01,4
Hyde Park,2014-07-01,4
Hyde Park,2014-08-01,4
Hyde Park,2014-09-01,1
Hyde Park,2014-10-01,3
Hyde Park,2014-11-01,3
Hyde Park,2014-12-01,2
Hyde Park,2015-01-01,1
Hyde Park,2015-02-01,0
Hyde Park,2015-03-01,5
Hyde Park,2015-04-01,4
Hyde Park,2015-05-01,0
Hyde Park,2015-06-01,0
Hyde Park,2015-07-01,1
Hyde Park,2015-08-01,3
Hyde Park,2015-09-01,1
Hyde Park,2015-10-01,3
Hyde Park,2015-11-01,4
Hyde Park,2015-12-01,7
Hyde Park,2016-01-01,20
Hyde Park,2016-02-01,11
Hyde Park,2016-03-01,13
Hyde Park,2016-04-01,19
Hyde Park,2016-05-01,13
Hyde Park,2016-06-01,20
Hyde Park,2016-07-01,10
Hyde Park,2016-08-01,10
Hyde Park,2016-09-01,13
Hyde Park,2016-10-01,32
Hyde Park,2016-11-01,18
Hyde Park,2016-12-01,12
Hyde Park,2017-01-01,5
Hyde Park,2017-02-01,4
Hyde Park,2017-03-01,7
Hyde Park,2017-04-01,5
Hyde Park,2017-05-01,9
Hyde Park,2017-06-01,5
Hyde Park,2017-07-01,7
Hyde Park,2017-08-01,12
Hyde Park,2017-09-01,8
Hyde Park,2017-10-01,12
Hyde Park,2017-11-01,7
Hyde Park,2017-12-01,9
Hyde Park,2018-01-01,2
Hyde Park,2018-02-01,6
Hyde Park,2018-03-01,0
Hyde Park,2018-04-01,1
Hyde Park,2018-05-01,4
Hyde Park,2018-06-01,0
Hyde Park,2018-07-01,1
Hyde Park,2018-08-01,0
Hyde Park,2018-09-01,331
Hyde Park,2018-10-01,696
Hyde Park,2018-11-01,146
Hyde Park,2018-12-01,121
Hyde Park,2019-01-01,48
Hyde Park,2019-02-01,41
Hyde Park,2019-03-01,37
Hyde Park,2019-04-01,447
Hyde Park,2019-05-01,290
Hyde Park,2019-06-01,179
Hyde Park,2019-07-01,39
Hyde Park,2019-08-01,23
Hyde Park,2019-09-01,103
Hyde Park,2019-10-01,94
Hyde Park,2019-11-01,169
Hyde Park,2019-12-01,44
Hyde Park,2020-01-01,77
Hyde Park,2020-02-01,36
Hyde Park,2020-03-01,36
Hyde Park,2020-04-01,6
Hyde Park,2020-05-01,8
Hyde Park,2020-06-01,0
Hyde Park,2020-07-01,0
Hyde Park,2020-08-01,42
Hyde Park,2020-09-01,34
Hyde Park,2020-10-01,58
Hyde Park,2020-11-01,1
Hyde Park,2020-12-01,1
Hyde Park,2021-01-01,0
Hyde Park,2021-02-01,0
Hyde Park,2021-03-01,1
Hyde Park,2021-04-01,0
Hyde Park,2021-05-01,1
Hyde Park,2021-06-01,0
Hyde Park,2021-07-01,1
Hyde Park,2021-08-01,0
Hyde Park,2021-09-01,1
Hyde Park,2021-10-01,6
Hyde Park,2021-11-01,1
Hyde Park,2021-12-01,0
Hyde Park,2022-01-01,1
Hyde Park,2022-02-01,0
Hyde Park,2022-03-01,1
Hyde Park,2022-04-01,1
Hyde Park,2022-05-01,2
Hyde Park,2022-06-01,2
Hyde Park,2022-07-01,0
Hyde Park,2022-08-01,0
Hyde Park,2022-09-01,0
Hyde Park,2022-10-01,0
Hyde Park,2022-11-01,0
Hyde Park,2022-12-01,0
Hyde Park,2023-01-01,0
Jamaica Plain,2012-01-01,2
Jamaica Plain,2012-02-01,9
Jamaica Plain,2012-03-01,5
Jamaica Plain,2012-04-01,17
Jamaica Plain,2012-05-01,2
Jamaica Plain,2012-06-01,0
Jamaica Plain,2012-07-01,0
Jamaica Plain,2012-08-01,1
Jamaica Plain,2012-09-01,1
Jamaica Plain,2012-10-01,0
Jamaica Plain,2012-11-01,11
Jamaica Plain,2012-12-01,6
Jamaica Plain,2013-07-01,5
Jamaica Plain,2013-08-01,18
Jamaica Plain,2013-09-01,14
Jamaica Plain,2013-10-01,8
Jamaica Plain,2013-11-01,13
Jamaica Plain,2013-12-01,22
Jamaica Plain,2014-01-01,2
Jamaica Plain,2014-02-01,5
Jamaica Plain,2014-03-01,9
Jamaica Plain,2014-04-01,14
Jamaica Plain,2014-05-01,12
Jamaica Plain,2014-06-01,22
Jamaica Plain,2014-07-01,22
Jamaica Plain,2014-08-01,86
Jamaica Plain,2014-09-01,44
Jamaica Plain,2014-10-01,21
Jamaica Plain,2014-11-01,20
Jamaica Plain,2014-12-01,11
Jamaica Plain,2015-01-01,36
Jamaica Plain,2015-02-01,20
Jamaica Plain,2015-03-01,52
Jamaica Plain,2015-04-01,16
Jamaica Plain,2015-05-01,14
Jamaica Plain,2015-06-01,38
Jamaica Plain,2015-07-01,16
Jamaica Plain,2015-08-01,26
Jamaica Plain,2015-09-01,8
Jamaica Plain,2015-10-01,15
Jamaica Plain,2015-11-01,25
Jamaica Plain,2015-12-01,25
Jamaica Plain,2016-01-01,12
Jamaica Plain,2016-02-01,10
Jamaica Plain,2016-03-01,19
Jamaica Plain,2016-04-01,27
Jamaica Plain,2016-05-01,32
Jamaica Plain,2016-06-01,31
Jamaica Plain,2016-07-01,33
Jamaica Plain,2016-08-01,14
Jamaica Plain,2016-09-01,11
Jamaica Plain,2016-10-01,58
Jamaica Plain,2016-11-01,91
Jamaica Plain,2016-12-01,91
Jamaica Plain,2017-01-01,76
Jamaica Plain,2017-02-01,45
Jamaica Plain,2017-03-01,54
Jamaica Plain,2017-04-01,64
Jamaica Plain,2017-05-01,188
Jamaica Plain,2017-06-01,234
Jamaica Plain,2017-07-01,165
Jamaica Plain,2017-08-01,223
Jamaica Plain,2017-09-01,393
Jamaica Plain,2017-10-01,242
Jamaica Plain,2017-11-01,168
Jamaica Plain,2017-12-01,170
Jamaica Plain,2018-01-01,121
Jamaica Plain,2018-02-01,184
Jamaica Plain,2018-03-01,144
Jamaica Plain,2018-04-01,164
Jamaica Plain,2018-05-01,119
Jamaica Plain,2018-06-01,172
Jamaica Plain,2018-07-01,115
Jamaica Plain,2018-08-01,39
Jamaica Plain,2018-09-01,1011
Jamaica Plain,2018-10-01,1545
Jamaica Plain,2018-11-01,2111
Jamaica Plain,2018-12-01,2672
Jamaica Plain,2019-01-01,1853
Jamaica Plain,2019-02-01,1119
Jamaica Plain,2019-03-01,1977
Jamaica Plain,2019-04-01,1636
Jamaica Plain,2019-05-01,1422
Jamaica Plain,2019-06-01,970
Jamaica Plain,2019-07-01,635
Jamaica Plain,2019-08-01,893
Jamaica Plain,2019-09-01,1485
Jamaica Plain,2019-10-01,1244
Jamaica Plain,2019-11-01,2020
Jamaica Plain,2019-12-01,1888
Jamaica Plain,2020-01-01,1690
Jamaica Plain,2020-02-01,730
Jamaica Plain,2020-03-01,1461
Jamaica Plain,2020-04-01,787
Jamaica Plain,2020-05-01,355
Jamaica Plain,2020-06-01,97
Jamaica Plain,2020-07-01,148
Jamaica Plain,2020-08-01,612
Jamaica Plain,2020-09-01,475
Jamaica Plain,2020-10-01,694
Jamaica Plain,2020-11-01,464
Jamaica Plain,2020-12-01,28
Jamaica Plain,2021-01-01,34
Jamaica Plain,2021-02-01,54
Jamaica Plain,2021-03-01,272
Jamaica Plain,2021-04-01,491
Jamaica Plain,2021-05-01,400
Jamaica Plain,2021-06-01,118
Jamaica Plain,2021-07-01,150
Jamaica Plain,2021-08-01,79
Jamaica Plain,2021-09-01,171
Jamaica Plain,2021-10-01,101
Jamaica Plain,2021-11-01,65
Jamaica Plain,2021-12-01,49
Jamaica Plain,2022-01-01,59
Jamaica Plain,2022-02-01,15
Jamaica Plain,2022-03-01,22
Jamaica Plain,2022-04-01,59
Jamaica Plain,2022-05-01,27
Jamaica Plain,2022-06-01,20
Jamaica Plain,2022-07-01,4
Jamaica Plain,2022-08-01,1
Jamaica Plain,2022-09-01,7
Jamaica Plain,2022-10-01,4
Jamaica Plain,2022-11-01,3
Jamaica Plain,2022-12-01,1
Jamaica Plain,2023-01-01,35
Lynn,2012-01-01,44
Lynn,2012-02-01,19
Lynn,2012-03-01,37
Lynn,2012-04-01,44
Lynn,2012-05-01,36
Lynn,2012-06-01,38
Lynn,2012-07-01,35
Lynn,2012-08-01,39
Lynn,2012-09-01,44
Lynn,2012-10-01,41
Lynn,2012-11-01,34
Lynn,2012-12-01,42
Lynn,2013-07-01,43
Lynn,2013-08-01,34
Lynn,2013-09-01,40
Lynn,2013-10-01,6
Lynn,2013-11-01,40
Lynn,2013-12-01,33
Lynn,2014-01-01,43
Lynn,2014-02-01,20
Lynn,2014-03-01,33
Lynn,2014-04-01,36
Lynn,2014-05-01,4
Lynn,2014-06-01,77
Lynn,2014-07-01,77
Lynn,2014-08-01,59
Lynn,2014-09-01,41
Lynn,2014-10-01,50
Lynn,2014-11-01,59
Lynn,2014-12-01,23
Lynn,2015-01-01,42
Lynn,2015-02-01,11
Lynn,2015-03-01,53
Lynn,2015-04-01,13
Lynn,2015-05-01,42
Lynn,2015-06-01,30
Lynn,2015-07-01,54
Lynn,2015-08-01,52
Lynn,2015-09-01,29
Lynn,2015-10-01,25
Lynn,2015-11-01,42
Lynn,2015-12-01,29
Lynn,2016-01-01,18
Lynn,2016-02-01,23
Lynn,2016-03-01,42
Lynn,2016-04-01,20
Lynn,2016-05-01,17
Lynn,2016-06-01,34
Lynn,2016-07-01,35
Lynn,2016-08-01,31
Lynn,2016-09-01,16
Lynn,2016-10-01,16
Lynn,2016-11-01,37
Lynn,2016-12-01,31
Lynn,2017-01-01,20
Lynn,2017-02-01,11
Lynn,2017-03-01,10
Lynn,2017-04-01,28
Lynn,2017-05-01,23
Lynn,2017-06-01,9
Lynn,2017-07-01,60
Lynn,2017-08-01,38
Lynn,2017-09-01,21
Lynn,2017-10-01,25
Lynn,2017-11-01,14
Lynn,2017-12-01,17
Lynn,2018-01-01,10
Lynn,2018-02-01,28
Lynn,2018-03-01,6
Lynn,2018-04-01,34
Lynn,2018-05-01,33
Lynn,2018-06-01,16
Lynn,2018-07-01,7
Lynn,2018-08-01,9
Lynn,2018-09-01,10
Lynn,2018-10-01,23
Lynn,2018-11-01,21
Lynn,2018-12-01,9
Lynn,2019-01-01,10
Lynn,2019-02-01,4
Lynn,2019-03-01,8
Lynn,2019-04-01,11
Lynn,2019-05-01,6
Lynn,2019-06-01,3
Lynn,2019-07-01,8
Lynn,2019-08-01,4
Lynn,2019-09-01,3
Lynn,2019-10-01,2
Lynn,2019-11-01,1
Lynn,2019-12-01,1
Lynn,2020-01-01,0
Lynn,2020-02-01,0
Lynn,2020-03-01,2
Lynn,2020-04-01,0
Lynn,2020-05-01,0
Lynn,2020-06-01,1
Lynn,2020-07-01,0
Lynn,2020-08-01,0
Lynn,2020-09-01,2
Lynn,2020-10-01,1
Lynn,2020-11-01,0
Lynn,2020-12-01,0
Lynn,2021-01-01,0
Lynn,2021-02-01,0
Lynn,2021-03-01,0
Lynn,2021-04-01,3
Lynn,2021-05-01,15
Lynn,2021-06-01,14
Lynn,2021-07-01,3
Lynn,2021-08-01,11
Lynn,2021-09-01,9
Lynn,2021-10-01,2
Lynn,2021-11-01,1
Lynn,2021-12-01,1
Lynn,2022-01-01,7
Lynn,2022-02-01,6
Lynn,2022-03-01,2
Lynn,2022-04-01,6
Lynn,2022-05-01,5
Lynn,2022-06-01,11
Lynn,2022-07-01,16
Lynn,2022-08-01,11
Lynn,2022-09-01,3
Lynn,2022-10-01,3
Lynn,2022-11-01,2
Lynn,2022-12-01,0
Lynn,2023-01-01,1
Malden,2012-01-01,0
Malden,2012-02-01,0
Malden,2012-03-01,0
Malden,2012-04-01,1
Malden,2012-05-01,0
Malden,2012-06-01,1
Malden,2012-07-01,0
Malden,2012-08-01,0
Malden,2012-09-01,1
Malden,2012-10-01,0
Malden,2012-11-01,0
Malden,2012-12-01,0
Malden,2013-07-01,0
Malden,2013-08-01,0
Malden,2013-09-01,1
Malden,2013-10-01,0
Malden,2013-11-01,0
Malden,2013-12-01,0
Malden,2014-01-01,0
Malden,2014-02-01,0
Malden,2014-03-01,0
Malden,2014-04-01,0
Malden,2014-05-01,0
Malden,2014-06-01,1
Malden,2014-07-01,1
Malden,2014-08-01,3
Malden,2014-09-01,1
Malden,2014-10-01,0
Malden,2014-11-01,0
Malden,2014-12-01,1
Malden,2015-01-01,0
Malden,2015-02-01,0
Malden,2015-03-01,0
Malden,2015-04-01,19
Malden,2015-05-01,9
Malden,2015-06-01,1
Malden,2015-07-01,2
Malden,2015-08-01,1
Malden,2015-09-01,0
Malden,2015-10-01,0
Malden,2015-11-01,0
Malden,2015-12-01,0
Malden,2016-01-01,0
Malden,2016-02-01,0
Malden,2016-03-01,1
Malden,2016-04-01,0
Malden,2016-05-01,1
Malden,2016-06-01,1
Malden,2016-07-01,1
Malden,2016-08-01,1
Malden,2016-09-01,1
Malden,2016-10-01,0
Malden,2016-11-01,3
Malden,2016-12-01,1
Malden,2017-01-01,0
Malden,2017-02-01,1
Malden,2017-03-01,0
Malden,2017-04-01,1
Malden,2017-05-01,49
Malden,2017-06-01,157
Malden,2017-07-01,77
Malden,2017-08-01,302
Malden,2017-09-01,188
Malden,2017-10-01,78
Malden,2017-11-01,211
Malden,2017-12-01,923
Malden,2018-01-01,84
Malden,2018-02-01,106
Malden,2018-03-01,87
Malden,2018-04-01,172
Malden,2018-05-01,106
Malden,2018-06-01,98
Malden,2018-07-01,56
Malden,2018-08-01,31
Malden,2018-09-01,14
Malden,2018-10-01,25
Malden,2018-11-01,23
Malden,2018-12-01,21
Malden,2019-01-01,24
Malden,2019-02-01,28
Malden,2019-03-01,24
Malden,2019-04-01,40
Malden,2019-05-01,25
Malden,2019-06-01,167
Malden,2019-07-01,81
Malden,2019-08-01,2644
Malden,2019-09-01,1224
Malden,2019-10-01,2702
Malden,2019-11-01,3972
Malden,2019-12-01,4483
Malden,2020-01-01,6009
Malden,2020-02-01,4086
Malden,2020-03-01,2450
Malden,2020-04-01,594
Malden,2020-05-01,345
Malden,2020-06-01,769
Malden,2020-07-01,531
Malden,2020-08-01,1060
Malden,2020-09-01,752
Malden,2020-10-01,657
Malden,2020-11-01,470
Malden,2020-12-01,199
Malden,2021-01-01,500
Malden,2021-02-01,384
Malden,2021-03-01,435
Malden,2021-04-01,1723
Malden,2021-05-01,727
Malden,2021-06-01,355
Malden,2021-07-01,1353
Malden,2021-08-01,477
Malden,2021-09-01,182
Malden,2021-10-01,149
Malden,2021-11-01,16
Malden,2021-12-01,20
Malden,2022-01-01,98
Malden,2022-02-01,186
Malden,2022-03-01,220
Malden,2022-04-01,465
Malden,2022-05-01,3
Malden,2022-06-01,252
Malden,2022-07-01,128
Malden,2022-08-01,86
Malden,2022-09-01,529
Malden,2022-10-01,647
Malden,2022-11-01,417
Malden,2022-12-01,234
Malden,2023-01-01,601
Marblehead,2012-01-01,0
Marblehead,2012-02-01,0
Marblehead,2012-03-01,0
Marblehead,2012-04-01,0
Marblehead,2012-05-01,0
Marblehead,2012-06-01,0
Marblehead,2012-07-01,0
Marblehead,2012-08-01,0
Marblehead,2012-09-01,1
Marblehead,2012-10-01,2
Marblehead,2012-11-01,0
Marblehead,2012-12-01,0
Marblehead,2013-07-01,1
Marblehead,2013-08-01,0
Marblehead,2013-09-01,11
Marblehead,2013-10-01,16
Marblehead,2013-11-01,15
Marblehead,2013-12-01,19
Marblehead,2014-01-01,17
Marblehead,2014-02-01,11
Marblehead,2014-03-01,15
Marblehead,2014-04-01,6
Marblehead,2014-05-01,3
Marblehead,2014-06-01,1
Marblehead,2014-07-01,1
Marblehead,2014-08-01,1
Marblehead,2014-09-01,4
Marblehead,2014-10-01,1
Marblehead,2014-11-01,0
Marblehead,2014-12-01,0
Marblehead,2015-01-01,0
Marblehead,2015-02-01,1
Marblehead,2015-03-01,2
Marblehead,2015-04-01,1
Marblehead,2015-05-01,2
Marblehead,2015-06-01,1
Marblehead,2015-07-01,0
Marblehead,2015-08-01,3
Marblehead,2015-09-01,0
Marblehead,2015-10-01,0
Marblehead,2015-11-01,0
Marblehead,2015-12-01,0
Marblehead,2016-01-01,1
Marblehead,2016-02-01,3
Marblehead,2016-03-01,1
Marblehead,2016-04-01,0
Marblehead,2016-05-01,1
Marblehead,2016-06-01,1
Marblehead,2016-07-01,1
Marblehead,2016-08-01,2
Marblehead,2016-09-01,1
Marblehead,2016-10-01,0
Marblehead,2016-11-01,2
Marblehead,2016-12-01,0
Marblehead,2017-01-01,2
Marblehead,2017-02-01,1
Marblehead,2017-03-01,1
Marblehead,2017-04-01,4
Marblehead,2017-05-01,0
Marblehead,2017-06-01,0
Marblehead,2017-07-01,2
Marblehead,2017-08-01,1
Marblehead,2017-09-01,4
Marblehead,2017-10-01,2
Marblehead,2017-11-01,0
Marblehead,2017-12-01,1
Marblehead,2018-01-01,1
Marblehead,2018-02-01,1
Marblehead,2018-03-01,2
Marblehead,2018-04-01,1
Marblehead,2018-05-01,2
Marblehead,2018-06-01,1
Marblehead,2018-07-01,2
Marblehead,2018-08-01,3
Marblehead,2018-09-01,13
Marblehead,2018-10-01,15
Marblehead,2018-11-01,15
Marblehead,2018-12-01,14
Marblehead,2019-01-01,7
Marblehead,2019-02-01,12
Marblehead,2019-03-01,12
Marblehead,2019-04-01,15
Marblehead,2019-05-01,13
Marblehead,2019-06-01,24
Marblehead,2019-07-01,109
Marblehead,2019-08-01,159
Marblehead,2019-09-01,164
Marblehead,2019-10-01,274
Marblehead,2019-11-01,262
Marblehead,2019-12-01,240
Marblehead,2020-01-01,301
Marblehead,2020-02-01,425
Marblehead,2020-03-01,190
Marblehead,2020-04-01,37
Marblehead,2020-05-01,24
Marblehead,2020-06-01,102
Marblehead,2020-07-01,84
Marblehead,2020-08-01,70
Marblehead,2020-09-01,102
Marblehead,2020-10-01,122
Marblehead,2020-11-01,94
Marblehead,2020-12-01,73
Marblehead,2021-01-01,160
Marblehead,2021-02-01,119
Marblehead,2021-03-01,148
Marblehead,2021-04-01,181
Marblehead,2021-05-01,433
Marblehead,2021-06-01,337
Marblehead,2021-07-01,192
Marblehead,2021-08-01,241
Marblehead,2021-09-01,163
Marblehead,2021-10-01,161
Marblehead,2021-11-01,215
Marblehead,2021-12-01,394
Marblehead,2022-01-01,328
Marblehead,2022-02-01,243
Marblehead,2022-03-01,242
Marblehead,2022-04-01,177
Marblehead,2022-05-01,244
Marblehead,2022-06-01,281
Marblehead,2022-07-01,146
Marblehead,2022-08-01,124
Marblehead,2022-09-01,103
Marblehead,2022-10-01,223
Marblehead,2022-11-01,350
Marblehead,2022-12-01,345
Marblehead,2023-01-01,422
Medford,2012-01-01,0
Medford,2012-02-01,1
Medford,2012-03-01,0
Medford,2012-04-01,1
Medford,2012-05-01,6
Medford,2012-06-01,3
Medford,2012-07-01,0
Medford,2012-08-01,0
Medford,2012-09-01,0
Medford,2012-10-01,3
Medford,2012-11-01,0
Medford,2012-12-01,1
Medford,2013-07-01,4
Medford,2013-08-01,10
Medford,2013-09-01,9
Medford,2013-10-01,4
Medford,2013-11-01,0
Medford,2013-12-01,0
Medford,2014-01-01,2
Medford,2014-02-01,0
Medford,2014-03-01,4
Medford,2014-04-01,2
Medford,2014-05-01,12
Medford,2014-06-01,45
Medford,2014-07-01,45
Medford,2014-08-01,534
Medford,2014-09-01,31
Medford,2014-10-01,41
Medford,2014-11-01,9
Medford,2014-12-01,25
Medford,2015-01-01,1
Medford,2015-02-01,1
Medford,2015-03-01,7
Medford,2015-04-01,61
Medford,2015-05-01,73
Medford,2015-06-01,47
Medford,2015-07-01,57
Medford,2015-08-01,64
Medford,2015-09-01,22
Medford,2015-10-01,41
Medford,2015-11-01,28
Medford,2015-12-01,101
Medford,2016-01-01,37
Medford,2016-02-01,17
Medford,2016-03-01,30
Medford,2016-04-01,42
Medford,2016-05-01,146
Medford,2016-06-01,545
Medford,2016-07-01,218
Medford,2016-08-01,166
Medford,2016-09-01,63
Medford,2016-10-01,218
Medford,2016-11-01,166
Medford,2016-12-01,139
Medford,2017-01-01,40
Medford,2017-02-01,91
Medford,2017-03-01,102
Medford,2017-04-01,78
Medford,2017-05-01,1397
Medford,2017-06-01,1848
Medford,2017-07-01,977
Medford,2017-08-01,900
Medford,2017-09-01,672
Medford,2017-10-01,506
Medford,2017-11-01,511
Medford,2017-12-01,739
Medford,2018-01-01,399
Medford,2018-02-01,328
Medford,2018-03-01,259
Medford,2018-04-01,616
Medford,2018-05-01,249
Medford,2018-06-01,558
Medford,2018-07-01,655
Medford,2018-08-01,404
Medford,2018-09-01,276
Medford,2018-10-01,820
Medford,2018-11-01,623
Medford,2018-12-01,679
Medford,2019-01-01,1318
Medford,2019-02-01,3889
Medford,2019-03-01,3134
Medford,2019-04-01,2865
Medford,2019-05-01,1722
Medford,2019-06-01,4343
Medford,2019-07-01,7448
Medford,2019-08-01,14920
Medford,2019-09-01,12641
Medford,2019-10-01,9825
Medford,2019-11-01,18054
Medford,2019-12-01,18608
Medford,2020-01-01,20999
Medford,2020-02-01,18354
Medford,2020-03-01,10075
Medford,2020-04-01,2959
Medford,2020-05-01,3979
Medford,2020-06-01,7395
Medford,2020-07-01,4266
Medford,2020-08-01,5309
Medford,2020-09-01,6108
Medford,2020-10-01,10083
Medford,2020-11-01,9219
Medford,2020-12-01,8928
Medford,2021-01-01,13536
Medford,2021-02-01,6661
Medford,2021-03-01,6962
Medford,2021-04-01,10704
Medford,2021-05-01,8104
Medford,2021-06-01,4277
Medford,2021-07-01,10061
Medford,2021-08-01,3509
Medford,2021-09-01,9731
Medford,2021-10-01,7369
Medford,2021-11-01,12938
Medford,2021-12-01,8720
Medford,2022-01-01,4917
Medford,2022-02-01,5299
Medford,2022-03-01,7289
Medford,2022-04-01,12469
Medford,2022-05-01,3145
Medford,2022-06-01,7082
Medford,2022-07-01,5004
Medford,2022-08-01,3638
Medford,2022-09-01,9243
Medford,2022-10-01,4577
Medford,2022-11-01,5943
Medford,2022-12-01,5254
Medford,2023-01-01,5946
Melrose,2012-01-01,0
Melrose,2012-02-01,0
Melrose,2012-03-01,0
Melrose,2012-04-01,0
Melrose,2012-05-01,0
Melrose,2012-06-01,0
Melrose,2012-07-01,1
Melrose,2012-08-01,0
Melrose,2012-09-01,0
Melrose,2012-10-01,0
Melrose,2012-11-01,0
Melrose,2012-12-01,0
Melrose,2013-07-01,0
Melrose,2013-08-01,0
Melrose,2013-09-01,1
Melrose,2013-10-01,0
Melrose,2013-11-01,0
Melrose,2013-12-01,0
Melrose,2014-01-01,0
Melrose,2014-02-01,0
Melrose,2014-03-01,0
Melrose,2014-04-01,0
Melrose,2014-05-01,0
Melrose,2014-06-01,0
Melrose,2014-07-01,0
Melrose,2014-08-01,0
Melrose,2014-09-01,0
Melrose,2014-10-01,0
Melrose,2014-11-01,0
Melrose,2014-12-01,0
Melrose,2015-01-01,0
Melrose,2015-02-01,0
Melrose,2015-03-01,0
Melrose,2015-04-01,0
Melrose,2015-05-01,0
Melrose,2015-06-01,0
Melrose,2015-07-01,0
Melrose,2015-08-01,1
Melrose,2015-09-01,0
Melrose,2015-10-01,2
Melrose,2015-11-01,1
Melrose,2015-12-01,2
Melrose,2016-01-01,0
Melrose,2016-02-01,0
Melrose,2016-03-01,4
Melrose,2016-04-01,0
Melrose,2016-05-01,2
Melrose,2016-06-01,1
Melrose,2016-07-01,0
Melrose,2016-08-01,0
Melrose,2016-09-01,0
Melrose,2016-10-01,1
Melrose,2016-11-01,1
Melrose,2016-12-01,0
Melrose,2017-01-01,0
Melrose,2017-02-01,0
Melrose,2017-03-01,1
Melrose,2017-04-01,2
Melrose,2017-05-01,1
Melrose,2017-06-01,0
Melrose,2017-07-01,1
Melrose,2017-08-01,0
Melrose,2017-09-01,0
Melrose,2017-10-01,0
Melrose,2017-11-01,0
Melrose,2017-12-01,0
Melrose,2018-01-01,0
Melrose,2018-02-01,0
Melrose,2018-03-01,0
Melrose,2018-04-01,0
Melrose,2018-05-01,0
Melrose,2018-06-01,0
Melrose,2018-07-01,0
Melrose,2018-08-01,0
Melrose,2018-09-01,0
Melrose,2018-10-01,4
Melrose,2018-11-01,2
Melrose,2018-12-01,1
Melrose,2019-01-01,0
Melrose,2019-02-01,0
Melrose,2019-03-01,0
Melrose,2019-04-01,0
Melrose,2019-05-01,1
Melrose,2019-06-01,1
Melrose,2019-07-01,3
Melrose,2019-08-01,393
Melrose,2019-09-01,490
Melrose,2019-10-01,394
Melrose,2019-11-01,407
Melrose,2019-12-01,268
Melrose,2020-01-01,511
Melrose,2020-02-01,303
Melrose,2020-03-01,79
Melrose,2020-04-01,71
Melrose,2020-05-01,81
Melrose,2020-06-01,198
Melrose,2020-07-01,207
Melrose,2020-08-01,231
Melrose,2020-09-01,136
Melrose,2020-10-01,183
Melrose,2020-11-01,134
Melrose,2020-12-01,147
Melrose,2021-01-01,129
Melrose,2021-02-01,130
Melrose,2021-03-01,211
Melrose,2021-04-01,199
Melrose,2021-05-01,141
Melrose,2021-06-01,99
Melrose,2021-07-01,0
Melrose,2021-08-01,107
Melrose,2021-09-01,41
Melrose,2021-10-01,157
Melrose,2021-11-01,154
Melrose,2021-12-01,120
Melrose,2022-01-01,48
Melrose,2022-02-01,59
Melrose,2022-03-01,178
Melrose,2022-04-01,175
Melrose,2022-05-01,42
Melrose,2022-06-01,98
Melrose,2022-07-01,43
Melrose,2022-08-01,55
Melrose,2022-09-01,70
Melrose,2022-10-01,38
Melrose,2022-11-01,129
Melrose,2022-12-01,73
Melrose,2023-01-01,33
Milton,2012-01-01,2
Milton,2012-02-01,9
Milton,2012-03-01,6
Milton,2012-04-01,1
Milton,2012-05-01,20
Milton,2012-06-01,19
Milton,2012-07-01,13
Milton,2012-08-01,6
Milton,2012-09-01,5
Milton,2012-10-01,5
Milton,2012-11-01,8
Milton,2012-12-01,8
Milton,2013-07-01,327
Milton,2013-08-01,236
Milton,2013-09-01,340
Milton,2013-10-01,392
Milton,2013-11-01,150
Milton,2013-12-01,135
Milton,2014-01-01,45
Milton,2014-02-01,53
Milton,2014-03-01,131
Milton,2014-04-01,205
Milton,2014-05-01,247
Milton,2014-06-01,181
Milton,2014-07-01,181
Milton,2014-08-01,290
Milton,2014-09-01,525
Milton,2014-10-01,292
Milton,2014-11-01,94
Milton,2014-12-01,195
Milton,2015-01-01,93
Milton,2015-02-01,49
Milton,2015-03-01,92
Milton,2015-04-01,202
Milton,2015-05-01,224
Milton,2015-06-01,432
Milton,2015-07-01,330
Milton,2015-08-01,176
Milton,2015-09-01,383
Milton,2015-10-01,733
Milton,2015-11-01,1444
Milton,2015-12-01,868
Milton,2016-01-01,213
Milton,2016-02-01,397
Milton,2016-03-01,1553
Milton,2016-04-01,2185
Milton,2016-05-01,2949
Milton,2016-06-01,1311
Milton,2016-07-01,1750
Milton,2016-08-01,2687
Milton,2016-09-01,2528
Milton,2016-10-01,2964
Milton,2016-11-01,2467
Milton,2016-12-01,779
Milton,2017-01-01,2325
Milton,2017-02-01,550
Milton,2017-03-01,2454
Milton,2017-04-01,3921
Milton,2017-05-01,2210
Milton,2017-06-01,404
Milton,2017-07-01,3703
Milton,2017-08-01,2253
Milton,2017-09-01,2390
Milton,2017-10-01,1549
Milton,2017-11-01,1370
Milton,2017-12-01,827
Milton,2018-01-01,625
Milton,2018-02-01,948
Milton,2018-03-01,4203
Milton,2018-04-01,2705
Milton,2018-05-01,3838
Milton,2018-06-01,3388
Milton,2018-07-01,2733
Milton,2018-08-01,2898
Milton,2018-09-01,5963
Milton,2018-10-01,2546
Milton,2018-11-01,2818
Milton,2018-12-01,2203
Milton,2019-01-01,1242
Milton,2019-02-01,1146
Milton,2019-03-01,1624
Milton,2019-04-01,2837
Milton,2019-05-01,4923
Milton,2019-06-01,3931
Milton,2019-07-01,4332
Milton,2019-08-01,4901
Milton,2019-09-01,4898
Milton,2019-10-01,5495
Milton,2019-11-01,3224
Milton,2019-12-01,3007
Milton,2020-01-01,2767
Milton,2020-02-01,3911
Milton,2020-03-01,6194
Milton,2020-04-01,1386
Milton,2020-05-01,925
Milton,2020-06-01,1128
Milton,2020-07-01,1959
Milton,2020-08-01,1548
Milton,2020-09-01,1634
Milton,2020-10-01,2242
Milton,2020-11-01,1141
Milton,2020-12-01,719
Milton,2021-01-01,1450
Milton,2021-02-01,1276
Milton,2021-03-01,1265
Milton,2021-04-01,2670
Milton,2021-05-01,1670
Milton,2021-06-01,622
Milton,2021-07-01,1184
Milton,2021-08-01,1763
Milton,2021-09-01,1235
Milton,2021-10-01,2538
Milton,2021-11-01,791
Milton,2021-12-01,1005
Milton,2022-01-01,577
Milton,2022-02-01,361
Milton,2022-03-01,842
Milton,2022-04-01,1594
Milton,2022-05-01,2575
Milton,2022-06-01,2107
Milton,2022-07-01,1185
Milton,2022-08-01,2722
Milton,2022-09-01,2255
Milton,2022-10-01,2285
Milton,2022-11-01,304
Milton,2022-12-01,616
Milton,2023-01-01,1001
Revere,2012-01-01,1
Revere,2012-02-01,0
Revere,2012-03-01,1
Revere,2012-04-01,2
Revere,2012-05-01,6
Revere,2012-06-01,6
Revere,2012-07-01,1
Revere,2012-08-01,5
Revere,2012-09-01,9
Revere,2012-10-01,2
Revere,2012-11-01,0
Revere,2012-12-01,2
Revere,2013-07-01,5
Revere,2013-08-01,7
Revere,2013-09-01,5
Revere,2013-10-01,5
Revere,2013-11-01,1
Revere,2013-12-01,0
Revere,2014-01-01,1
Revere,2014-02-01,1
Revere,2014-03-01,2
Revere,2014-04-01,1
Revere,2014-05-01,2
Revere,2014-06-01,27
Revere,2014-07-01,27
Revere,2014-08-01,12
Revere,2014-09-01,13
Revere,2014-10-01,5
Revere,2014-11-01,3
Revere,2014-12-01,1
Revere,2015-01-01,0
Revere,2015-02-01,1
Revere,2015-03-01,0
Revere,2015-04-01,2
Revere,2015-05-01,8
Revere,2015-06-01,7
Revere,2015-07-01,1
Revere,2015-08-01,7
Revere,2015-09-01,7
Revere,2015-10-01,9
Revere,2015-11-01,8
Revere,2015-12-01,7
Revere,2016-01-01,3
Revere,2016-02-01,4
Revere,2016-03-01,4
Revere,2016-04-01,4
Revere,2016-05-01,10
Revere,2016-06-01,7
Revere,2016-07-01,4
Revere,2016-08-01,16
Revere,2016-09-01,17
Revere,2016-10-01,3
Revere,2016-11-01,4
Revere,2016-12-01,12
Revere,2017-01-01,11
Revere,2017-02-01,5
Revere,2017-03-01,3
Revere,2017-04-01,5
Revere,2017-05-01,2
Revere,2017-06-01,8
Revere,2017-07-01,14
Revere,2017-08-01,28
Revere,2017-09-01,23
Revere,2017-10-01,25
Revere,2017-11-01,7
Revere,2017-12-01,3
Revere,2018-01-01,6
Revere,2018-02-01,12
Revere,2018-03-01,1
Revere,2018-04-01,15
Revere,2018-05-01,32
Revere,2018-06-01,28
Revere,2018-07-01,24
Revere,2018-08-01,15
Revere,2018-09-01,6
Revere,2018-10-01,11
Revere,2018-11-01,4
Revere,2018-12-01,9
Revere,2019-01-01,4
Revere,2019-02-01,3
Revere,2019-03-01,4
Revere,2019-04-01,46
Revere,2019-05-01,8
Revere,2019-06-01,56
Revere,2019-07-01,85
Revere,2019-08-01,32
Revere,2019-09-01,21
Revere,2019-10-01,7
Revere,2019-11-01,16
Revere,2019-12-01,11
Revere,2020-01-01,4
Revere,2020-02-01,9
Revere,2020-03-01,7
Revere,2020-04-01,5
Revere,2020-05-01,3
Revere,2020-06-01,1
Revere,2020-07-01,8
Revere,2020-08-01,3
Revere,2020-09-01,3
Revere,2020-10-01,1
Revere,2020-11-01,3
Revere,2020-12-01,2
Revere,2021-01-01,3
Revere,2021-02-01,2
Revere,2021-03-01,4
Revere,2021-04-01,1
Revere,2021-05-01,6
Revere,2021-06-01,2236
Revere,2021-07-01,2222
Revere,2021-08-01,2023
Revere,2021-09-01,2007
Revere,2021-10-01,1282
Revere,2021-11-01,1241
Revere,2021-12-01,1371
Revere,2022-01-01,1280
Revere,2022-02-01,1176
Revere,2022-03-01,1598
Revere,2022-04-01,892
Revere,2022-05-01,1136
Revere,2022-06-01,1739
Revere,2022-07-01,1675
Revere,2022-08-01,670
Revere,2022-09-01,5
Revere,2022-10-01,13
Revere,2022-11-01,14
Revere,2022-12-01,1
Revere,2023-01-01,4
Roslindale,2012-01-01,0
Roslindale,2012-02-01,0
Roslindale,2012-03-01,0
Roslindale,2012-04-01,1
Roslindale,2012-05-01,0
Roslindale,2012-06-01,0
Roslindale,2012-07-01,0
Roslindale,2012-08-01,0
Roslindale,2012-09-01,1
Roslindale,2012-10-01,0
Roslindale,2012-11-01,0
Roslindale,2012-12-01,0
Roslindale,2013-07-01,5
Roslindale,2013-08-01,2
Roslindale,2013-09-01,5
Roslindale,2013-10-01,2
Roslindale,2013-11-01,3
Roslindale,2013-12-01,4
Roslindale,2014-01-01,5
Roslindale,2014-02-01,2
Roslindale,2014-03-01,6
Roslindale,2014-04-01,4
Roslindale,2014-05-01,1
Roslindale,2014-06-01,5
Roslindale,2014-07-01,5
Roslindale,2014-08-01,12
Roslindale,2014-09-01,16
Roslindale,2014-10-01,24
Roslindale,2014-11-01,23
Roslindale,2014-12-01,15
Roslindale,2015-01-01,11
Roslindale,2015-02-01,5
Roslindale,2015-03-01,15
Roslindale,2015-04-01,8
Roslindale,2015-05-01,9
Roslindale,2015-06-01,32
Roslindale,2015-07-01,29
Roslindale,2015-08-01,29
Roslindale,2015-09-01,21
Roslindale,2015-10-01,30
Roslindale,2015-11-01,40
Roslindale,2015-12-01,33
Roslindale,2016-01-01,18
Roslindale,2016-02-01,19
Roslindale,2016-03-01,31
Roslindale,2016-04-01,18
Roslindale,2016-05-01,22
Roslindale,2016-06-01,34
Roslindale,2016-07-01,25
Roslindale,2016-08-01,13
Roslindale,2016-09-01,15
Roslindale,2016-10-01,112
Roslindale,2016-11-01,115
Roslindale,2016-12-01,169
Roslindale,2017-01-01,63
Roslindale,2017-02-01,33
Roslindale,2017-03-01,60
Roslindale,2017-04-01,46
Roslindale,2017-05-01,236
Roslindale,2017-06-01,415
Roslindale,2017-07-01,231
Roslindale,2017-08-01,188
Roslindale,2017-09-01,292
Roslindale,2017-10-01,259
Roslindale,2017-11-01,152
Roslindale,2017-12-01,160
Roslindale,2018-01-01,148
Roslindale,2018-02-01,202
Roslindale,2018-03-01,91
Roslindale,2018-04-01,130
Roslindale,2018-05-01,119
Roslindale,2018-06-01,157
Roslindale,2018-07-01,147
Roslindale,2018-08-01,78
Roslindale,2018-09-01,33
Roslindale,2018-10-01,71
Roslindale,2018-11-01,43
Roslindale,2018-12-01,72
Roslindale,2019-01-01,65
Roslindale,2019-02-01,112
Roslindale,2019-03-01,102
Roslindale,2019-04-01,119
Roslindale,2019-05-01,107
Roslindale,2019-06-01,253
Roslindale,2019-07-01,405
Roslindale,2019-08-01,110
Roslindale,2019-09-01,397
Roslindale,2019-10-01,686
Roslindale,2019-11-01,385
Roslindale,2019-12-01,232
Roslindale,2020-01-01,92
Roslindale,2020-02-01,115
Roslindale,2020-03-01,85
Roslindale,2020-04-01,21
Roslindale,2020-05-01,10
Roslindale,2020-06-01,4
Roslindale,2020-07-01,0
Roslindale,2020-08-01,128
Roslindale,2020-09-01,25
Roslindale,2020-10-01,141
Roslindale,2020-11-01,183
Roslindale,2020-12-01,96
Roslindale,2021-01-01,90
Roslindale,2021-02-01,319
Roslindale,2021-03-01,495
Roslindale,2021-04-01,764
Roslindale,2021-05-01,525
Roslindale,2021-06-01,197
Roslindale,2021-07-01,316
Roslindale,2021-08-01,430
Roslindale,2021-09-01,499
Roslindale,2021-10-01,314
Roslindale,2021-11-01,142
Roslindale,2021-12-01,65
Roslindale,2022-01-01,74
Roslindale,2022-02-01,18
Roslindale,2022-03-01,21
Roslindale,2022-04-01,65
Roslindale,2022-05-01,87
Roslindale,2022-06-01,28
Roslindale,2022-07-01,10
Roslindale,2022-08-01,7
Roslindale,2022-09-01,12
Roslindale,2022-10-01,5
Roslindale,2022-11-01,17
Roslindale,2022-12-01,6
Roslindale,2023-01-01,16
Roxbury,2012-01-01,9
Roxbury,2012-02-01,22
Roxbury,2012-03-01,12
Roxbury,2012-04-01,22
Roxbury,2012-05-01,1
Roxbury,2012-06-01,2
Roxbury,2012-07-01,0
Roxbury,2012-08-01,0
Roxbury,2012-09-01,1
Roxbury,2012-10-01,3
Roxbury,2012-11-01,4
Roxbury,2012-12-01,1
Roxbury,2013-07-01,1
Roxbury,2013-08-01,10
Roxbury,2013-09-01,9
Roxbury,2013-10-01,7
Roxbury,2013-11-01,15
Roxbury,2013-12-01,15
Roxbury,2014-01-01,4
Roxbury,2014-02-01,7
Roxbury,2014-03-01,6
Roxbury,2014-04-01,5
Roxbury,2014-05-01,5
Roxbury,2014-06-01,7
Roxbury,2014-07-01,7
Roxbury,2014-08-01,6
Roxbury,2014-09-01,3
Roxbury,2014-10-01,5
Roxbury,2014-11-01,49
Roxbury,2014-12-01,13
Roxbury,2015-01-01,21
Roxbury,2015-02-01,9
Roxbury,2015-03-01,12
Roxbury,2015-04-01,9
Roxbury,2015-05-01,4
Roxbury,2015-06-01,10
Roxbury,2015-07-01,9
Roxbury,2015-08-01,9
Roxbury,2015-09-01,6
Roxbury,2015-10-01,14
Roxbury,2015-11-01,15
Roxbury,2015-12-01,11
Roxbury,2016-01-01,11
Roxbury,2016-02-01,12
Roxbury,2016-03-01,11
Roxbury,2016-04-01,9
Roxbury,2016-05-01,13
Roxbury,2016-06-01,16
Roxbury,2016-07-01,10
Roxbury,2016-08-01,5
Roxbury,2016-09-01,9
Roxbury,2016-10-01,46
Roxbury,2016-11-01,65
Roxbury,2016-12-01,76
Roxbury,2017-01-01,80
Roxbury,2017-02-01,17
Roxbury,2017-03-01,36
Roxbury,2017-04-01,64
Roxbury,2017-05-01,64
Roxbury,2017-06-01,480
Roxbury,2017-07-01,32
Roxbury,2017-08-01,32
Roxbury,2017-09-01,43
Roxbury,2017-10-01,22
Roxbury,2017-11-01,14
Roxbury,2017-12-01,11
Roxbury,2018-01-01,6
Roxbury,2018-02-01,13
Roxbury,2018-03-01,2
Roxbury,2018-04-01,10
Roxbury,2018-05-01,5
Roxbury,2018-06-01,14
Roxbury,2018-07-01,12
Roxbury,2018-08-01,19
Roxbury,2018-09-01,4
Roxbury,2018-10-01,21
Roxbury,2018-11-01,280
Roxbury,2018-12-01,605
Roxbury,2019-01-01,649
Roxbury,2019-02-01,516
Roxbury,2019-03-01,467
Roxbury,2019-04-01,420
Roxbury,2019-05-01,321
Roxbury,2019-06-01,318
Roxbury,2019-07-01,198
Roxbury,2019-08-01,417
Roxbury,2019-09-01,587
Roxbury,2019-10-01,327
Roxbury,2019-11-01,647
Roxbury,2019-12-01,284
Roxbury,2020-01-01,336
Roxbury,2020-02-01,332
Roxbury,2020-03-01,135
Roxbury,2020-04-01,95
Roxbury,2020-05-01,32
Roxbury,2020-06-01,11
Roxbury,2020-07-01,8
Roxbury,2020-08-01,205
Roxbury,2020-09-01,78
Roxbury,2020-10-01,31
Roxbury,2020-11-01,92
Roxbury,2020-12-01,94
Roxbury,2021-01-01,89
Roxbury,2021-02-01,155
Roxbury,2021-03-01,250
Roxbury,2021-04-01,182
Roxbury,2021-05-01,278
Roxbury,2021-06-01,102
Roxbury,2021-07-01,228
Roxbury,2021-08-01,214
Roxbury,2021-09-01,314
Roxbury,2021-10-01,199
Roxbury,2021-11-01,494
Roxbury,2021-12-01,335
Roxbury,2022-01-01,580
Roxbury,2022-02-01,243
Roxbury,2022-03-01,212
Roxbury,2022-04-01,291
Roxbury,2022-05-01,98
Roxbury,2022-06-01,44
Roxbury,2022-07-01,51
Roxbury,2022-08-01,11
Roxbury,2022-09-01,16
Roxbury,2022-10-01,18
Roxbury,2022-11-01,14
Roxbury,2022-12-01,5
Roxbury,2023-01-01,63
Somerville,2012-01-01,10
Somerville,2012-02-01,1
Somerville,2012-03-01,4
Somerville,2012-04-01,46
Somerville,2012-05-01,8
Somerville,2012-06-01,2
Somerville,2012-07-01,0
Somerville,2012-08-01,0
Somerville,2012-09-01,0
Somerville,2012-10-01,13
Somerville,2012-11-01,4
Somerville,2012-12-01,7
Somerville,2013-07-01,9
Somerville,2013-08-01,28
Somerville,2013-09-01,25
Somerville,2013-10-01,21
Somerville,2013-11-01,9
Somerville,2013-12-01,4
Somerville,2014-01-01,4
Somerville,2014-02-01,2
Somerville,2014-03-01,14
Somerville,2014-04-01,9
Somerville,2014-05-01,11
Somerville,2014-06-01,41
Somerville,2014-07-01,41
Somerville,2014-08-01,446
Somerville,2014-09-01,117
Somerville,2014-10-01,131
Somerville,2014-11-01,59
Somerville,2014-12-01,70
Somerville,2015-01-01,39
Somerville,2015-02-01,27
Somerville,2015-03-01,24
Somerville,2015-04-01,273
Somerville,2015-05-01,303
Somerville,2015-06-01,146
Somerville,2015-07-01,287
Somerville,2015-08-01,216
Somerville,2015-09-01,49
Somerville,2015-10-01,67
Somerville,2015-11-01,382
Somerville,2015-12-01,93
Somerville,2016-01-01,70
Somerville,2016-02-01,35
Somerville,2016-03-01,63
Somerville,2016-04-01,21
Somerville,2016-05-01,129
Somerville,2016-06-01,528
Somerville,2016-07-01,189
Somerville,2016-08-01,115
Somerville,2016-09-01,67
Somerville,2016-10-01,200
Somerville,2016-11-01,264
Somerville,2016-12-01,125
Somerville,2017-01-01,135
Somerville,2017-02-01,88
Somerville,2017-03-01,142
Somerville,2017-04-01,139
Somerville,2017-05-01,436
Somerville,2017-06-01,726
Somerville,2017-07-01,321
Somerville,2017-08-01,378
Somerville,2017-09-01,382
Somerville,2017-10-01,282
Somerville,2017-11-01,216
Somerville,2017-12-01,595
Somerville,2018-01-01,371
Somerville,2018-02-01,168
Somerville,2018-03-01,109
Somerville,2018-04-01,259
Somerville,2018-05-01,141
Somerville,2018-06-01,145
Somerville,2018-07-01,81
Somerville,2018-08-01,172
Somerville,2018-09-01,139
Somerville,2018-10-01,303
Somerville,2018-11-01,258
Somerville,2018-12-01,416
Somerville,2019-01-01,623
Somerville,2019-02-01,762
Somerville,2019-03-01,893
Somerville,2019-04-01,1187
Somerville,2019-05-01,607
Somerville,2019-06-01,1496
Somerville,2019-07-01,2057
Somerville,2019-08-01,5095
Somerville,2019-09-01,3297
Somerville,2019-10-01,3114
Somerville,2019-11-01,4391
Somerville,2019-12-01,4342
Somerville,2020-01-01,5537
Somerville,2020-02-01,4092
Somerville,2020-03-01,2963
Somerville,2020-04-01,1111
Somerville,2020-05-01,1148
Somerville,2020-06-01,1828
Somerville,2020-07-01,1083
Somerville,2020-08-01,1094
Somerville,2020-09-01,1314
Somerville,2020-10-01,2212
Somerville,2020-11-01,2258
Somerville,2020-12-01,2100
Somerville,2021-01-01,2944
Somerville,2021-02-01,2056
Somerville,2021-03-01,2258
Somerville,2021-04-01,2302
Somerville,2021-05-01,1956
Somerville,2021-06-01,1283
Somerville,2021-07-01,2570
Somerville,2021-08-01,1350
Somerville,2021-09-01,2638
Somerville,2021-10-01,2155
Somerville,2021-11-01,3244
Somerville,2021-12-01,2975
Somerville,2022-01-01,2420
Somerville,2022-02-01,2505
Somerville,2022-03-01,3414
Somerville,2022-04-01,4467
Somerville,2022-05-01,2029
Somerville,2022-06-01,3847
Somerville,2022-07-01,3398
Somerville,2022-08-01,2929
Somerville,2022-09-01,4395
Somerville,2022-10-01,2455
Somerville,2022-11-01,4123
Somerville,2022-12-01,4415
Somerville,2023-01-01,5448
South Boston,2012-01-01,0
South Boston,2012-02-01,3
South Boston,2012-03-01,0
South Boston,2012-04-01,1
South Boston,2012-05-01,2
South Boston,2012-06-01,16
South Boston,2012-07-01,6
South Boston,2012-08-01,16
South Boston,2012-09-01,5
South Boston,2012-10-01,4
South Boston,2012-11-01,163
South Boston,2012-12-01,2
South Boston,2013-07-01,20
South Boston,2013-08-01,12
South Boston,2013-09-01,8
South Boston,2013-10-01,2
South Boston,2013-11-01,5
South Boston,2013-12-01,10
South Boston,2014-01-01,2
South Boston,2014-02-01,3
South Boston,2014-03-01,8
South Boston,2014-04-01,3
South Boston,2014-05-01,1
South Boston,2014-06-01,3
South Boston,2014-07-01,3
South Boston,2014-08-01,13
South Boston,2014-09-01,5
South Boston,2014-10-01,6
South Boston,2014-11-01,11
South Boston,2014-12-01,6
South Boston,2015-01-01,17
South Boston,2015-02-01,8
South Boston,2015-03-01,22
South Boston,2015-04-01,12
South Boston,2015-05-01,8
South Boston,2015-06-01,12
South Boston,2015-07-01,15
South Boston,2015-08-01,18
South Boston,2015-09-01,19
South Boston,2015-10-01,41
South Boston,2015-11-01,42
South Boston,2015-12-01,37
South Boston,2016-01-01,22
South Boston,2016-02-01,10
South Boston,2016-03-01,32
South Boston,2016-04-01,14
South Boston,2016-05-01,9
South Boston,2016-06-01,22
South Boston,2016-07-01,18
South Boston,2016-08-01,18
South Boston,2016-09-01,24
South Boston,2016-10-01,72
South Boston,2016-11-01,68
South Boston,2016-12-01,264
South Boston,2017-01-01,183
South Boston,2017-02-01,208
South Boston,2017-03-01,144
South Boston,2017-04-01,127
South Boston,2017-05-01,272
South Boston,2017-06-01,257
South Boston,2017-07-01,113
South Boston,2017-08-01,140
South Boston,2017-09-01,127
South Boston,2017-10-01,119
South Boston,2017-11-01,44
South Boston,2017-12-01,64
South Boston,2018-01-01,46
South Boston,2018-02-01,63
South Boston,2018-03-01,49
South Boston,2018-04-01,39
South Boston,2018-05-01,39
South Boston,2018-06-01,44
South Boston,2018-07-01,35
South Boston,2018-08-01,27
South Boston,2018-09-01,45
South Boston,2018-10-01,125
South Boston,2018-11-01,36
South Boston,2018-12-01,57
South Boston,2019-01-01,53
South Boston,2019-02-01,57
South Boston,2019-03-01,51
South Boston,2019-04-01,47
South Boston,2019-05-01,56
South Boston,2019-06-01,41
South Boston,2019-07-01,23
South Boston,2019-08-01,21
South Boston,2019-09-01,47
South Boston,2019-10-01,19
South Boston,2019-11-01,18
South Boston,2019-12-01,19
South Boston,2020-01-01,6
South Boston,2020-02-01,3
South Boston,2020-03-01,7
South Boston,2020-04-01,7
South Boston,2020-05-01,0
South Boston,2020-06-01,0
South Boston,2020-07-01,0
South Boston,2020-08-01,3
South Boston,2020-09-01,1
South Boston,2020-10-01,2
South Boston,2020-11-01,0
South Boston,2020-12-01,4
South Boston,2021-01-01,0
South Boston,2021-02-01,1
South Boston,2021-03-01,1
South Boston,2021-04-01,1
South Boston,2021-05-01,6
South Boston,2021-06-01,5
South Boston,2021-07-01,3
South Boston,2021-08-01,3
South Boston,2021-09-01,12
South Boston,2021-10-01,14
South Boston,2021-11-01,5
South Boston,2021-12-01,5
South Boston,2022-01-01,9
South Boston,2022-02-01,0
South Boston,2022-03-01,1
South Boston,2022-04-01,1
South Boston,2022-05-01,5
South Boston,2022-06-01,2
South Boston,2022-07-01,1
South Boston,2022-08-01,0
South Boston,2022-09-01,2
South Boston,2022-10-01,0
South Boston,2022-11-01,2
South Boston,2022-12-01,0
South Boston,2023-01-01,1
South End,2012-01-01,0
South End,2012-02-01,3
South End,2012-03-01,2
South End,2012-04-01,3
South End,2012-05-01,0
South End,2012-06-01,0
South End,2012-07-01,0
South End,2012-08-01,0
South End,2012-09-01,0
South End,2012-10-01,0
South End,2012-11-01,7
South End,2012-12-01,6
South End,2013-07-01,5
South End,2013-08-01,16
South End,2013-09-01,8
South End,2013-10-01,8
South End,2013-11-01,10
South End,2013-12-01,8
South End,2014-01-01,16
South End,2014-02-01,24
South End,2014-03-01,16
South End,2014-04-01,6
South End,2014-05-01,7
South End,2014-06-01,22
South End,2014-07-01,22
South End,2014-08-01,30
South End,2014-09-01,17
South End,2014-10-01,18
South End,2014-11-01,26
South End,2014-12-01,15
South End,2015-01-01,17
South End,2015-02-01,21
South End,2015-03-01,22
South End,2015-04-01,21
South End,2015-05-01,18
South End,2015-06-01,15
South End,2015-07-01,7
South End,2015-08-01,16
South End,2015-09-01,13
South End,2015-10-01,11
South End,2015-11-01,21
South End,2015-12-01,27
South End,2016-01-01,21
South End,2016-02-01,14
South End,2016-03-01,23
South End,2016-04-01,15
South End,2016-05-01,11
South End,2016-06-01,22
South End,2016-07-01,14
South End,2016-08-01,8
South End,2016-09-01,17
South End,2016-10-01,44
South End,2016-11-01,44
South End,2016-12-01,56
South End,2017-01-01,63
South End,2017-02-01,48
South End,2017-03-01,77
South End,2017-04-01,38
South End,2017-05-01,107
South End,2017-06-01,105
South End,2017-07-01,30
South End,2017-08-01,58
South End,2017-09-01,95
South End,2017-10-01,62
South End,2017-11-01,41
South End,2017-12-01,62
South End,2018-01-01,51
South End,2018-02-01,38
South End,2018-03-01,75
South End,2018-04-01,94
South End,2018-05-01,78
South End,2018-06-01,125
South End,2018-07-01,191
South End,2018-08-01,163
South End,2018-09-01,130
South End,2018-10-01,287
South End,2018-11-01,160
South End,2018-12-01,312
South End,2019-01-01,81
South End,2019-02-01,272
South End,2019-03-01,65
South End,2019-04-01,55
South End,2019-05-01,67
South End,2019-06-01,46
South End,2019-07-01,53
South End,2019-08-01,51
South End,2019-09-01,488
South End,2019-10-01,438
South End,2019-11-01,949
South End,2019-12-01,872
South End,2020-01-01,691
South End,2020-02-01,687
South End,2020-03-01,512
South End,2020-04-01,531
South End,2020-05-01,693
South End,2020-06-01,464
South End,2020-07-01,287
South End,2020-08-01,97
South End,2020-09-01,30
South End,2020-10-01,62
South End,2020-11-01,28
South End,2020-12-01,34
South End,2021-01-01,22
South End,2021-02-01,28
South End,2021-03-01,42
South End,2021-04-01,39
South End,2021-05-01,31
South End,2021-06-01,33
South End,2021-07-01,46
South End,2021-08-01,16
South End,2021-09-01,24
South End,2021-10-01,30
South End,2021-11-01,33
South End,2021-12-01,16
South End,2022-01-01,22
South End,2022-02-01,9
South End,2022-03-01,8
South End,2022-04-01,7
South End,2022-05-01,7
South End,2022-06-01,5
South End,2022-07-01,5
South End,2022-08-01,11
South End,2022-09-01,1384
South End,2022-10-01,481
South End,2022-11-01,834
South End,2022-12-01,574
South End,2023-01-01,962
Watertown,2012-01-01,8
Watertown,2012-02-01,20
Watertown,2012-03-01,32
Watertown,2012-04-01,13
Watertown,2012-05-01,0
Watertown,2012-06-01,0
Watertown,2012-07-01,0
Watertown,2012-08-01,0
Watertown,2012-09-01,3
Watertown,2012-10-01,7
Watertown,2012-11-01,11
Watertown,2012-12-01,3
Watertown,2013-07-01,2
Watertown,2013-08-01,20
Watertown,2013-09-01,31
Watertown,2013-10-01,22
Watertown,2013-11-01,16
Watertown,2013-12-01,28
Watertown,2014-01-01,16
Watertown,2014-02-01,37
Watertown,2014-03-01,78
Watertown,2014-04-01,43
Watertown,2014-05-01,57
Watertown,2014-06-01,23
Watertown,2014-07-01,23
Watertown,2014-08-01,77
Watertown,2014-09-01,7
Watertown,2014-10-01,59
Watertown,2014-11-01,12
Watertown,2014-12-01,83
Watertown,2015-01-01,51
Watertown,2015-02-01,19
Watertown,2015-03-01,26
Watertown,2015-04-01,39
Watertown,2015-05-01,31
Watertown,2015-06-01,13
Watertown,2015-07-01,9
Watertown,2015-08-01,17
Watertown,2015-09-01,21
Watertown,2015-10-01,30
Watertown,2015-11-01,14
Watertown,2015-12-01,25
Watertown,2016-01-01,19
Watertown,2016-02-01,12
Watertown,2016-03-01,18
Watertown,2016-04-01,13
Watertown,2016-05-01,12
Watertown,2016-06-01,47
Watertown,2016-07-01,23
Watertown,2016-08-01,19
Watertown,2016-09-01,22
Watertown,2016-10-01,25
Watertown,2016-11-01,14
Watertown,2016-12-01,36
Watertown,2017-01-01,20
Watertown,2017-02-01,11
Watertown,2017-03-01,7
Watertown,2017-04-01,10
Watertown,2017-05-01,56
Watertown,2017-06-01,127
Watertown,2017-07-01,352
Watertown,2017-08-01,77
Watertown,2017-09-01,74
Watertown,2017-10-01,25
Watertown,2017-11-01,29
Watertown,2017-12-01,36
Watertown,2018-01-01,19
Watertown,2018-02-01,20
Watertown,2018-03-01,20
Watertown,2018-04-01,39
Watertown,2018-05-01,6
Watertown,2018-06-01,14
Watertown,2018-07-01,16
Watertown,2018-08-01,24
Watertown,2018-09-01,9
Watertown,2018-10-01,47
Watertown,2018-11-01,15
Watertown,2018-12-01,22
Watertown,2019-01-01,7
Watertown,2019-02-01,8
Watertown,2019-03-01,259
Watertown,2019-04-01,727
Watertown,2019-05-01,296
Watertown,2019-06-01,439
Watertown,2019-07-01,391
Watertown,2019-08-01,308
Watertown,2019-09-01,139
Watertown,2019-10-01,395
Watertown,2019-11-01,510
Watertown,2019-12-01,231
Watertown,2020-01-01,663
Watertown,2020-02-01,845
Watertown,2020-03-01,173
Watertown,2020-04-01,41
Watertown,2020-05-01,53
Watertown,2020-06-01,102
Watertown,2020-07-01,79
Watertown,2020-08-01,13
Watertown,2020-09-01,81
Watertown,2020-10-01,177
Watertown,2020-11-01,116
Watertown,2020-12-01,123
Watertown,2021-01-01,219
Watertown,2021-02-01,139
Watertown,2021-03-01,150
Watertown,2021-04-01,298
Watertown,2021-05-01,162
Watertown,2021-06-01,33
Watertown,2021-07-01,163
Watertown,2021-08-01,11
Watertown,2021-09-01,13
Watertown,2021-10-01,220
Watertown,2021-11-01,1119
Watertown,2021-12-01,183
Watertown,2022-01-01,102
Watertown,2022-02-01,218
Watertown,2022-03-01,433
Watertown,2022-04-01,429
Watertown,2022-05-01,137
Watertown,2022-06-01,193
Watertown,2022-07-01,49
Watertown,2022-08-01,159
Watertown,2022-09-01,785
Watertown,2022-10-01,119
Watertown,2022-11-01,592
Watertown,2022-12-01,445
Watertown,2023-01-01,280
Wenham,2012-01-01,0
Wenham,2012-02-01,0
Wenham,2012-03-01,0
Wenham,2012-04-01,0
Wenham,2012-05-01,0
Wenham,2012-06-01,0
Wenham,2012-07-01,0
Wenham,2012-08-01,0
Wenham,2012-09-01,0
Wenham,2012-10-01,0
Wenham,2012-11-01,0
Wenham,2012-12-01,0
Wenham,2013-07-01,0
Wenham,2013-08-01,0
Wenham,2013-09-01,0
Wenham,2013-10-01,0
Wenham,2013-11-01,0
Wenham,2013-12-01,0
Wenham,2014-01-01,0
Wenham,2014-02-01,0
Wenham,2014-03-01,0
Wenham,2014-04-01,1
Wenham,2014-05-01,0
Wenham,2014-06-01,1
Wenham,2014-07-01,1
Wenham,2014-08-01,1
Wenham,2014-09-01,0
Wenham,2014-10-01,0
Wenham,2014-11-01,0
Wenham,2014-12-01,0
Wenham,2015-01-01,0
Wenham,2015-02-01,0
Wenham,2015-03-01,1
Wenham,2015-04-01,1
Wenham,2015-05-01,0
Wenham,2015-06-01,0
Wenham,2015-07-01,1
Wenham,2015-08-01,0
Wenham,2015-09-01,1
Wenham,2015-10-01,12
Wenham,2015-11-01,149
Wenham,2015-12-01,120
Wenham,2016-01-01,38
Wenham,2016-02-01,32
Wenham,2016-03-01,70
Wenham,2016-04-01,48
Wenham,2016-05-01,34
Wenham,2016-06-01,28
Wenham,2016-07-01,35
Wenham,2016-08-01,24
Wenham,2016-09-01,59
Wenham,2016-10-01,26
Wenham,2016-11-01,17
Wenham,2016-12-01,5
Wenham,2017-01-01,12
Wenham,2017-02-01,13
Wenham,2017-03-01,22
Wenham,2017-04-01,19
Wenham,2017-05-01,12
Wenham,2017-06-01,2
Wenham,2017-07-01,16
Wenham,2017-08-01,11
Wenham,2017-09-01,7
Wenham,2017-10-01,1
Wenham,2017-11-01,1
Wenham,2017-12-01,0
Wenham,2018-01-01,4
Wenham,2018-02-01,10
Wenham,2018-03-01,4
Wenham,2018-04-01,29
Wenham,2018-05-01,19
Wenham,2018-06-01,85
Wenham,2018-07-01,2
Wenham,2018-08-01,76
Wenham,2018-09-01,12
Wenham,2018-10-01,90
Wenham,2018-11-01,29
Wenham,2018-12-01,15
Wenham,2019-01-01,26
Wenham,2019-02-01,71
Wenham,2019-03-01,2
Wenham,2019-04-01,77
Wenham,2019-05-01,12
Wenham,2019-06-01,3
Wenham,2019-07-01,24
Wenham,2019-08-01,17
Wenham,2019-09-01,211
Wenham,2019-10-01,1
Wenham,2019-11-01,1
Wenham,2019-12-01,92
Wenham,2020-01-01,2
Wenham,2020-02-01,1
Wenham,2020-03-01,69
Wenham,2020-04-01,0
Wenham,2020-05-01,0
Wenham,2020-06-01,0
Wenham,2020-07-01,0
Wenham,2020-08-01,0
Wenham,2020-09-01,0
Wenham,2020-10-01,0
Wenham,2020-11-01,0
Wenham,2020-12-01,0
Wenham,2021-01-01,0
Wenham,2021-02-01,0
Wenham,2021-03-01,0
Wenham,2021-04-01,0
Wenham,2021-05-01,0
Wenham,2021-06-01,17
Wenham,2021-07-01,0
Wenham,2021-08-01,2
Wenham,2021-09-01,13
Wenham,2021-10-01,2
Wenham,2021-11-01,0
Wenham,2021-12-01,5
Wenham,2022-01-01,24
Wenham,2022-02-01,31
Wenham,2022-03-01,3
Wenham,2022-04-01,17
Wenham,2022-05-01,108
Wenham,2022-06-01,30
Wenham,2022-07-01,121
Wenham,2022-08-01,0
Wenham,2022-09-01,40
Wenham,2022-10-01,27
Wenham,2022-11-01,67
Wenham,2022-12-01,11
Wenham,2023-01-01,1
West Roxbury,2012-01-01,0
West Roxbury,2012-02-01,0
West Roxbury,2012-03-01,0
West Roxbury,2012-04-01,1
West Roxbury,2012-05-01,0
West Roxbury,2012-06-01,0
West Roxbury,2012-07-01,0
West Roxbury,2012-08-01,0
West Roxbury,2012-09-01,0
West Roxbury,2012-10-01,0
West Roxbury,2012-11-01,0
West Roxbury,2012-12-01,0
West Roxbury,2013-07-01,0
West Roxbury,2013-08-01,1
West Roxbury,2013-09-01,0
West Roxbury,2013-10-01,1
West Roxbury,2013-11-01,1
West Roxbury,2013-12-01,0
West Roxbury,2014-01-01,0
West Roxbury,2014-02-01,0
West Roxbury,2014-03-01,0
West Roxbury,2014-04-01,0
West Roxbury,2014-05-01,0
West Roxbury,2014-06-01,0
West Roxbury,2014-07-01,0
West Roxbury,2014-08-01,2
West Roxbury,2014-09-01,4
West Roxbury,2014-10-01,2
West Roxbury,2014-11-01,4
West Roxbury,2014-12-01,9
West Roxbury,2015-01-01,5
West Roxbury,2015-02-01,3
West Roxbury,2015-03-01,7
West Roxbury,2015-04-01,4
West Roxbury,2015-05-01,5
West Roxbury,2015-06-01,11
West Roxbury,2015-07-01,7
West Roxbury,2015-08-01,23
West Roxbury,2015-09-01,20
West Roxbury,2015-10-01,47
West Roxbury,2015-11-01,32
West Roxbury,2015-12-01,38
West Roxbury,2016-01-01,39
West Roxbury,2016-02-01,22
West Roxbury,2016-03-01,22
West Roxbury,2016-04-01,8
West Roxbury,2016-05-01,10
West Roxbury,2016-06-01,8
West Roxbury,2016-07-01,6
West Roxbury,2016-08-01,7
West Roxbury,2016-09-01,6
West Roxbury,2016-10-01,17
West Roxbury,2016-11-01,14
West Roxbury,2016-12-01,11
West Roxbury,2017-01-01,2
West Roxbury,2017-02-01,0
West Roxbury,2017-03-01,0
West Roxbury,2017-04-01,1
West Roxbury,2017-05-01,16
West Roxbury,2017-06-01,17
West Roxbury,2017-07-01,32
West Roxbury,2017-08-01,34
West Roxbury,2017-09-01,32
West Roxbury,2017-10-01,92
West Roxbury,2017-11-01,146
West Roxbury,2017-12-01,736
West Roxbury,2018-01-01,194
West Roxbury,2018-02-01,1
West Roxbury,2018-03-01,282
West Roxbury,2018-04-01,182
West Roxbury,2018-05-01,47
West Roxbury,2018-06-01,49
West Roxbury,2018-07-01,15
West Roxbury,2018-08-01,21
West Roxbury,2018-09-01,327
West Roxbury,2018-10-01,288
West Roxbury,2018-11-01,457
West Roxbury,2018-12-01,496
West Roxbury,2019-01-01,472
West Roxbury,2019-02-01,334
West Roxbury,2019-03-01,370
West Roxbury,2019-04-01,306
West Roxbury,2019-05-01,454
West Roxbury,2019-06-01,544
West Roxbury,2019-07-01,158
West Roxbury,2019-08-01,548
West Roxbury,2019-09-01,860
West Roxbury,2019-10-01,161
West Roxbury,2019-11-01,558
West Roxbury,2019-12-01,474
West Roxbury,2020-01-01,434
West Roxbury,2020-02-01,325
West Roxbury,2020-03-01,269
West Roxbury,2020-04-01,125
West Roxbury,2020-05-01,76
West Roxbury,2020-06-01,27
West Roxbury,2020-07-01,33
West Roxbury,2020-08-01,216
West Roxbury,2020-09-01,44
West Roxbury,2020-10-01,73
West Roxbury,2020-11-01,83
West Roxbury,2020-12-01,12
West Roxbury,2021-01-01,23
West Roxbury,2021-02-01,16
West Roxbury,2021-03-01,13
West Roxbury,2021-04-01,29
West Roxbury,2021-05-01,19
West Roxbury,2021-06-01,34
West Roxbury,2021-07-01,29
West Roxbury,2021-08-01,8
West Roxbury,2021-09-01,19
West Roxbury,2021-10-01,608
West Roxbury,2021-11-01,268
West Roxbury,2021-12-01,30
West Roxbury,2022-01-01,0
West Roxbury,2022-02-01,0
West Roxbury,2022-03-01,1
West Roxbury,2022-04-01,9
West Roxbury,2022-05-01,9
West Roxbury,2022-06-01,1
West Roxbury,2022-07-01,8
West Roxbury,2022-08-01,0
West Roxbury,2022-09-01,11
West Roxbury,2022-10-01,2
West Roxbury,2022-11-01,1
West Roxbury,2022-12-01,7
West Roxbury,2023-01-01,29
Weymouth,2012-01-01,18
Weymouth,2012-02-01,36
Weymouth,2012-03-01,32
Weymouth,2012-04-01,31
Weymouth,2012-05-01,37
Weymouth,2012-06-01,24
Weymouth,2012-07-01,27
Weymouth,2012-08-01,46
Weymouth,2012-09-01,48
Weymouth,2012-10-01,17
Weymouth,2012-11-01,22
Weymouth,2012-12-01,8
Weymouth,2013-07-01,23
Weymouth,2013-08-01,26
Weymouth,2013-09-01,30
Weymouth,2013-10-01,7
Weymouth,2013-11-01,5
Weymouth,2013-12-01,4
Weymouth,2014-01-01,6
Weymouth,2014-02-01,9
Weymouth,2014-03-01,3
Weymouth,2014-04-01,17
Weymouth,2014-05-01,6
Weymouth,2014-06-01,5
Weymouth,2014-07-01,5
Weymouth,2014-08-01,10
Weymouth,2014-09-01,8
Weymouth,2014-10-01,4
Weymouth,2014-11-01,2
Weymouth,2014-12-01,6
Weymouth,2015-01-01,0
Weymouth,2015-02-01,2
Weymouth,2015-03-01,5
Weymouth,2015-04-01,11
Weymouth,2015-05-01,7
Weymouth,2015-06-01,0
Weymouth,2015-07-01,0
Weymouth,2015-08-01,1
Weymouth,2015-09-01,2
Weymouth,2015-10-01,1
Weymouth,2015-11-01,2
Weymouth,2015-12-01,2
Weymouth,2016-01-01,1
Weymouth,2016-02-01,1
Weymouth,2016-03-01,2
Weymouth,2016-04-01,3
Weymouth,2016-05-01,3
Weymouth,2016-06-01,3
Weymouth,2016-07-01,3
Weymouth,2016-08-01,30
Weymouth,2016-09-01,19
Weymouth,2016-10-01,30
Weymouth,2016-11-01,20
Weymouth,2016-12-01,11
Weymouth,2017-01-01,3
Weymouth,2017-02-01,6
Weymouth,2017-03-01,8
Weymouth,2017-04-01,7
Weymouth,2017-05-01,14
Weymouth,2017-06-01,2
Weymouth,2017-07-01,2
Weymouth,2017-08-01,8
Weymouth,2017-09-01,14
Weymouth,2017-10-01,10
Weymouth,2017-11-01,14
Weymouth,2017-12-01,4
Weymouth,2018-01-01,18
Weymouth,2018-02-01,7
Weymouth,2018-03-01,11
Weymouth,2018-04-01,17
Weymouth,2018-05-01,16
Weymouth,2018-06-01,9
Weymouth,2018-07-01,2
Weymouth,2018-08-01,6
Weymouth,2018-09-01,25
Weymouth,2018-10-01,2
Weymouth,2018-11-01,11
Weymouth,2018-12-01,6
Weymouth,2019-01-01,2
Weymouth,2019-02-01,4
Weymouth,2019-03-01,32
Weymouth,2019-04-01,5
Weymouth,2019-05-01,44
Weymouth,2019-06-01,10
Weymouth,2019-07-01,9
Weymouth,2019-08-01,30
Weymouth,2019-09-01,17
Weymouth,2019-10-01,6
Weymouth,2019-11-01,3
Weymouth,2019-12-01,6
Weymouth,2020-01-01,11
Weymouth,2020-02-01,15
Weymouth,2020-03-01,6
Weymouth,2020-04-01,4
Weymouth,2020-05-01,1
Weymouth,2020-06-01,10
Weymouth,2020-07-01,10
Weymouth,2020-08-01,6
Weymouth,2020-09-01,8
Weymouth,2020-10-01,10
Weymouth,2020-11-01,2
Weymouth,2020-12-01,2
Weymouth,2021-01-01,13
Weymouth,2021-02-01,5
Weymouth,2021-03-01,3
Weymouth,2021-04-01,10
Weymouth,2021-05-01,9
Weymouth,2021-06-01,14
Weymouth,2021-07-01,10
Weymouth,2021-08-01,6
Weymouth,2021-09-01,21
Weymouth,2021-10-01,47
Weymouth,2021-11-01,2
Weymouth,2021-12-01,46
Weymouth,2022-01-01,12
Weymouth,2022-02-01,9
Weymouth,2022-03-01,28
Weymouth,2022-04-01,53
Weymouth,2022-05-01,44
Weymouth,2022-06-01,144
Weymouth,2022-07-01,16
Weymouth,2022-08-01,191
Weymouth,2022-09-01,47
Weymouth,2022-10-01,121
Weymouth,2022-11-01,17
Weymouth,2022-12-01,15
Weymouth,2023-01-01,22
Winchester,2012-01-01,0
Winchester,2012-02-01,0
Winchester,2012-03-01,0
Winchester,2012-04-01,0
Winchester,2012-05-01,2
Winchester,2012-06-01,0
Winchester,2012-07-01,0
Winchester,2012-08-01,0
Winchester,2012-09-01,0
Winchester,2012-10-01,1
Winchester,2012-11-01,0
Winchester,2012-12-01,0
Winchester,2013-07-01,3
Winchester,2013-08-01,1
Winchester,2013-09-01,1
Winchester,2013-10-01,1
Winchester,2013-11-01,0
Winchester,2013-12-01,0
Winchester,2014-01-01,0
Winchester,2014-02-01,0
Winchester,2014-03-01,0
Winchester,2014-04-01,0
Winchester,2014-05-01,0
Winchester,2014-06-01,19
Winchester,2014-07-01,19
Winchester,2014-08-01,18
Winchester,2014-09-01,24
Winchester,2014-10-01,153
Winchester,2014-11-01,11
Winchester,2014-12-01,16
Winchester,2015-01-01,3
Winchester,2015-02-01,4
Winchester,2015-03-01,0
Winchester,2015-04-01,70
Winchester,2015-05-01,229
Winchester,2015-06-01,198
Winchester,2015-07-01,91
Winchester,2015-08-01,59
Winchester,2015-09-01,9
Winchester,2015-10-01,20
Winchester,2015-11-01,1
Winchester,2015-12-01,37
Winchester,2016-01-01,1
Winchester,2016-02-01,2
Winchester,2016-03-01,44
Winchester,2016-04-01,64
Winchester,2016-05-01,120
Winchester,2016-06-01,130
Winchester,2016-07-01,20
Winchester,2016-08-01,10
Winchester,2016-09-01,26
Winchester,2016-10-01,50
Winchester,2016-11-01,8
Winchester,2016-12-01,14
Winchester,2017-01-01,9
Winchester,2017-02-01,5
Winchester,2017-03-01,7
Winchester,2017-04-01,65
Winchester,2017-05-01,239
Winchester,2017-06-01,138
Winchester,2017-07-01,74
Winchester,2017-08-01,25
Winchester,2017-09-01,44
Winchester,2017-10-01,21
Winchester,2017-11-01,60
Winchester,2017-12-01,209
Winchester,2018-01-01,28
Winchester,2018-02-01,31
Winchester,2018-03-01,88
Winchester,2018-04-01,82
Winchester,2018-05-01,54
Winchester,2018-06-01,59
Winchester,2018-07-01,54
Winchester,2018-08-01,54
Winchester,2018-09-01,125
Winchester,2018-10-01,232
Winchester,2018-11-01,97
Winchester,2018-12-01,33
Winchester,2019-01-01,110
Winchester,2019-02-01,583
Winchester,2019-03-01,822
Winchester,2019-04-01,554
Winchester,2019-05-01,449
Winchester,2019-06-01,979
Winchester,2019-07-01,760
Winchester,2019-08-01,1222
Winchester,2019-09-01,697
Winchester,2019-10-01,698
Winchester,2019-11-01,1045
Winchester,2019-12-01,1224
Winchester,2020-01-01,1605
Winchester,2020-02-01,1572
Winchester,2020-03-01,1106
Winchester,2020-04-01,559
Winchester,2020-05-01,794
Winchester,2020-06-01,1
Winchester,2020-07-01,1064
Winchester,2020-08-01,1904
Winchester,2020-09-01,1404
Winchester,2020-10-01,1210
Winchester,2020-11-01,1462
Winchester,2020-12-01,861
Winchester,2021-01-01,1211
Winchester,2021-02-01,867
Winchester,2021-03-01,1191
Winchester,2021-04-01,2373
Winchester,2021-05-01,1451
Winchester,2021-06-01,891
Winchester,2021-07-01,1752
Winchester,2021-08-01,1220
Winchester,2021-09-01,932
Winchester,2021-10-01,983
Winchester,2021-11-01,1390
Winchester,2021-12-01,1057
Winchester,2022-01-01,577
Winchester,2022-02-01,898
Winchester,2022-03-01,1084
Winchester,2022-04-01,1002
Winchester,2022-05-01,31
Winchester,2022-06-01,13
Winchester,2022-07-01,687
Winchester,2022-08-01,716
Winchester,2022-09-01,1167
Winchester,2022-10-01,655
Winchester,2022-11-01,824
Winchester,2022-12-01,803
Winchester,2023-01-01,984
Winthrop,2012-01-01,5
Winthrop,2012-02-01,4
Winthrop,2012-03-01,6
Winthrop,2012-04-01,5
Winthrop,2012-05-01,30
Winthrop,2012-06-01,37
Winthrop,2012-07-01,69
Winthrop,2012-08-01,56
Winthrop,2012-09-01,26
Winthrop,2012-10-01,24
Winthrop,2012-11-01,20
Winthrop,2012-12-01,21
Winthrop,2013-07-01,43
Winthrop,2013-08-01,32
Winthrop,2013-09-01,56
Winthrop,2013-10-01,33
Winthrop,2013-11-01,8
Winthrop,2013-12-01,10
Winthrop,2014-01-01,5
Winthrop,2014-02-01,1
Winthrop,2014-03-01,10
Winthrop,2014-04-01,9
Winthrop,2014-05-01,25
Winthrop,2014-06-01,38
Winthrop,2014-07-01,38
Winthrop,2014-08-01,30
Winthrop,2014-09-01,40
Winthrop,2014-10-01,10
Winthrop,2014-11-01,16
Winthrop,2014-12-01,11
Winthrop,2015-01-01,7
Winthrop,2015-02-01,3
Winthrop,2015-03-01,7
Winthrop,2015-04-01,13
Winthrop,2015-05-01,11
Winthrop,2015-06-01,46
Winthrop,2015-07-01,51
Winthrop,2015-08-01,34
Winthrop,2015-09-01,36
Winthrop,2015-10-01,19
Winthrop,2015-11-01,9
Winthrop,2015-12-01,6
Winthrop,2016-01-01,15
Winthrop,2016-02-01,6
Winthrop,2016-03-01,11
Winthrop,2016-04-01,8
Winthrop,2016-05-01,21
Winthrop,2016-06-01,15
Winthrop,2016-07-01,43
Winthrop,2016-08-01,43
Winthrop,2016-09-01,38
Winthrop,2016-10-01,50
Winthrop,2016-11-01,12
Winthrop,2016-12-01,7
Winthrop,2017-01-01,9
Winthrop,2017-02-01,19
Winthrop,2017-03-01,3
Winthrop,2017-04-01,13
Winthrop,2017-05-01,22
Winthrop,2017-06-01,28
Winthrop,2017-07-01,60
Winthrop,2017-08-01,48
Winthrop,2017-09-01,38
Winthrop,2017-10-01,38
Winthrop,2017-11-01,7
Winthrop,2017-12-01,6
Winthrop,2018-01-01,2
Winthrop,2018-02-01,9
Winthrop,2018-03-01,1
Winthrop,2018-04-01,7
Winthrop,2018-05-01,99
Winthrop,2018-06-01,73
Winthrop,2018-07-01,98
Winthrop,2018-08-01,77
Winthrop,2018-09-01,135
Winthrop,2018-10-01,53
Winthrop,2018-11-01,35
Winthrop,2018-12-01,22
Winthrop,2019-01-01,77
Winthrop,2019-02-01,135
Winthrop,2019-03-01,83
Winthrop,2019-04-01,238
Winthrop,2019-05-01,591
Winthrop,2019-06-01,3705
Winthrop,2019-07-01,832
Winthrop,2019-08-01,494
Winthrop,2019-09-01,1178
Winthrop,2019-10-01,512
Winthrop,2019-11-01,195
Winthrop,2019-12-01,86
Winthrop,2020-01-01,77
Winthrop,2020-02-01,196
Winthrop,2020-03-01,398
Winthrop,2020-04-01,66
Winthrop,2020-05-01,28
Winthrop,2020-06-01,43
Winthrop,2020-07-01,26
Winthrop,2020-08-01,1240
Winthrop,2020-09-01,2404
Winthrop,2020-10-01,4297
Winthrop,2020-11-01,2546
Winthrop,2020-12-01,2563
Winthrop,2021-01-01,3172
Winthrop,2021-02-01,2445
Winthrop,2021-03-01,2662
Winthrop,2021-04-01,4480
Winthrop,2021-05-01,5506
Winthrop,2021-06-01,2790
Winthrop,2021-07-01,5130
Winthrop,2021-08-01,4221
Winthrop,2021-09-01,5456
Winthrop,2021-10-01,8393
Winthrop,2021-11-01,5180
Winthrop,2021-12-01,4740
Winthrop,2022-01-01,3455
Winthrop,2022-02-01,4404
Winthrop,2022-03-01,6590
Winthrop,2022-04-01,6752
Winthrop,2022-05-01,9615
Winthrop,2022-06-01,8247
Winthrop,2022-07-01,6329
Winthrop,2022-08-01,8119
Winthrop,2022-09-01,9652
Winthrop,2022-10-01,8149
Winthrop,2022-11-01,6677
Winthrop,2022-12-01,6759
Winthrop,2023-01-01,7590
Woburn,2012-01-01,0
Woburn,2012-02-01,0
Woburn,2012-03-01,0
Woburn,2012-04-01,0
Woburn,2012-05-01,0
Woburn,2012-06-01,0
Woburn,2012-07-01,0
Woburn,2012-08-01,0
Woburn,2012-09-01,0
Woburn,2012-10-01,0
Woburn,2012-11-01,0
Woburn,2012-12-01,0
Woburn,2013-07-01,2
Woburn,2013-08-01,0
Woburn,2013-09-01,0
Woburn,2013-10-01,0
Woburn,2013-11-01,0
Woburn,2013-12-01,0
Woburn,2014-01-01,1
Woburn,2014-02-01,0
Woburn,2014-03-01,0
Woburn,2014-04-01,0
Woburn,2014-05-01,1
Woburn,2014-06-01,4
Woburn,2014-07-01,4
Woburn,2014-08-01,0
Woburn,2014-09-01,0
Woburn,2014-10-01,0
Woburn,2014-11-01,2
Woburn,2014-12-01,0
Woburn,2015-01-01,1
Woburn,2015-02-01,1
Woburn,2015-03-01,2
Woburn,2015-04-01,8
Woburn,2015-05-01,10
Woburn,2015-06-01,2
Woburn,2015-07-01,1
Woburn,2015-08-01,1
Woburn,2015-09-01,2
Woburn,2015-10-01,1
Woburn,2015-11-01,0
Woburn,2015-12-01,3
Woburn,2016-01-01,2
Woburn,2016-02-01,1
Woburn,2016-03-01,0
Woburn,2016-04-01,0
Woburn,2016-05-01,1
Woburn,2016-06-01,3
Woburn,2016-07-01,2
Woburn,2016-08-01,0
Woburn,2016-09-01,1
Woburn,2016-10-01,0
Woburn,2016-11-01,0
Woburn,2016-12-01,0
Woburn,2017-01-01,0
Woburn,2017-02-01,1
Woburn,2017-03-01,4
Woburn,2017-04-01,3
Woburn,2017-05-01,19
Woburn,2017-06-01,23
Woburn,2017-07-01,0
Woburn,2017-08-01,1
Woburn,2017-09-01,2
Woburn,2017-10-01,1
Woburn,2017-11-01,1
Woburn,2017-12-01,0
Woburn,2018-01-01,0
Woburn,2018-02-01,0
Woburn,2018-03-01,1
Woburn,2018-04-01,8
Woburn,2018-05-01,1
Woburn,2018-06-01,1
Woburn,2018-07-01,1
Woburn,2018-08-01,2
Woburn,2018-09-01,4
Woburn,2018-10-01,2
Woburn,2018-11-01,4
Woburn,2018-12-01,10
Woburn,2019-01-01,1
Woburn,2019-02-01,2
Woburn,2019-03-01,2
Woburn,2019-04-01,4
Woburn,2019-05-01,10
Woburn,2019-06-01,64
Woburn,2019-07-01,16
Woburn,2019-08-01,52
Woburn,2019-09-01,50
Woburn,2019-10-01,21
Woburn,2019-11-01,82
Woburn,2019-12-01,83
Woburn,2020-01-01,86
Woburn,2020-02-01,53
Woburn,2020-03-01,31
Woburn,2020-04-01,0
Woburn,2020-05-01,16
Woburn,2020-06-01,21
Woburn,2020-07-01,33
Woburn,2020-08-01,5
Woburn,2020-09-01,23
Woburn,2020-10-01,13
Woburn,2020-11-01,11
Woburn,2020-12-01,14
Woburn,2021-01-01,21
Woburn,2021-02-01,10
Woburn,2021-03-01,6
Woburn,2021-04-01,60
Woburn,2021-05-01,68
Woburn,2021-06-01,40
Woburn,2021-07-01,96
Woburn,2021-08-01,56
Woburn,2021-09-01,115
Woburn,2021-10-01,77
Woburn,2021-11-01,229
Woburn,2021-12-01,68
Woburn,2022-01-01,51
Woburn,2022-02-01,33
Woburn,2022-03-01,67
Woburn,2022-04-01,104
Woburn,2022-05-01,12
Woburn,2022-06-01,148
Woburn,2022-07-01,70
Woburn,2022-08-01,142
Woburn,2022-09-01,196
Woburn,2022-10-01,113
Woburn,2022-11-01,206
Woburn,2022-12-01,204
Woburn,2023-01-01,185
